Report_Period,Flight_Type,Arrival_Departure,Domestic_International,Flight_Ops_Count
2021-04-01,Charter,Departure,Domestic,23
2021-04-01,Scheduled,Arrival,Domestic,12171
2021-04-01,Charter,Arrival,International,2
2021-04-01,Scheduled,Departure,International,1928
2021-04-01,Scheduled,Departure,Domestic,12179
2021-03-01,Charter,Departure,Domestic,19
2021-04-01,Charter,Arrival,Domestic,17
2021-03-01,Scheduled,Arrival,Domestic,11764
2021-03-01,Scheduled,Arrival,International,1721
2021-03-01,Scheduled,Departure,Domestic,11771
2021-03-01,Scheduled,Departure,International,1727
2021-03-01,Charter,Arrival,Domestic,18
2021-04-01,Scheduled,Arrival,International,1911
2021-05-01,Scheduled,Arrival,International,2325
2021-05-01,Charter,Arrival,International,2
2021-05-01,Scheduled,Departure,International,2369
2021-05-01,Scheduled,Arrival,Domestic,14434
2021-05-01,Charter,Departure,Domestic,36
2021-05-01,Scheduled,Departure,Domestic,14479
2021-05-01,Charter,Arrival,Domestic,34
2021-06-01,Scheduled,Arrival,Domestic,16519
2021-06-01,Charter,Departure,International,0
2021-06-01,Scheduled,Departure,Domestic,16534
2021-06-01,Scheduled,Arrival,International,2646
2021-06-01,Charter,Departure,Domestic,26
2021-06-01,Charter,Arrival,International,2
2021-06-01,Charter,Arrival,Domestic,22
2021-06-01,Scheduled,Departure,International,2573
2021-07-01,Charter,Departure,Domestic,29
2021-07-01,Charter,Arrival,Domestic,28
2021-07-01,Scheduled,Arrival,Domestic,17890
2021-07-01,Scheduled,Departure,International,2977
2021-07-01,Charter,Departure,International,0
2021-07-01,Scheduled,Departure,Domestic,17881
2021-07-01,Charter,Arrival,International,2
2021-07-01,Scheduled,Arrival,International,2996
2021-08-01,Scheduled,Arrival,Domestic,17792
2021-08-01,Scheduled,Departure,Domestic,17966
2021-08-01,Charter,Departure,International,3
2021-10-01,Charter,Departure,International,5
2022-04-01,Scheduled,Arrival,International,3539
2021-08-01,Scheduled,Departure,International,3051
2021-08-01,Charter,Arrival,International,6
2021-08-01,Scheduled,Arrival,International,3131
2021-09-01,Scheduled,Arrival,Domestic,16640
2021-08-01,Charter,Departure,Domestic,32
2022-04-01,Charter,Arrival,Domestic,98
2021-09-01,Scheduled,Departure,International,2763
2022-04-01,Scheduled,Departure,International,3545
2021-08-01,Charter,Arrival,Domestic,28
2021-09-01,Scheduled,Departure,Domestic,16643
2021-09-01,Scheduled,Arrival,International,2796
2021-10-01,Scheduled,Departure,International,2882
2022-04-01,Scheduled,Departure,Domestic,15734
2021-10-01,Charter,Arrival,International,4
2021-10-01,Scheduled,Arrival,Domestic,17030
2021-10-01,Scheduled,Arrival,International,2873
2021-10-01,Scheduled,Departure,Domestic,17028
2021-11-01,Scheduled,Departure,Domestic,16408
2021-11-01,Scheduled,Departure,International,3213
2022-03-01,Scheduled,Arrival,International,3306
2022-04-01,Charter,Arrival,International,5
2021-11-01,Charter,Arrival,International,1
2021-11-01,Scheduled,Arrival,Domestic,16402
2021-11-01,Scheduled,Arrival,International,3201
2021-11-01,Charter,Departure,International,4
2021-12-01,Charter,Departure,International,12
2021-12-01,Scheduled,Departure,Domestic,16011
2022-04-01,Scheduled,Arrival,Domestic,15744
2021-12-01,Scheduled,Arrival,International,3510
2022-04-01,Charter,Departure,Domestic,96
2021-12-01,Charter,Arrival,International,14
2021-12-01,Scheduled,Arrival,Domestic,16014
2021-12-01,Scheduled,Departure,International,3502
2022-01-01,Charter,Arrival,International,10
2022-01-01,Scheduled,Departure,Domestic,15375
2022-01-01,Scheduled,Departure,International,3337
2022-04-01,Charter,Departure,International,4
2022-01-01,Scheduled,Arrival,Domestic,15376
2022-01-01,Scheduled,Arrival,International,3339
2022-01-01,Charter,Departure,International,10
2022-03-01,Scheduled,Departure,International,3305
2022-02-01,Scheduled,Arrival,Domestic,14132
2022-02-01,Scheduled,Departure,Domestic,14141
2022-02-01,Scheduled,Departure,International,2762
2022-02-01,Charter,Departure,International,1
2022-02-01,Scheduled,Arrival,International,2758
2022-07-01,Charter,Departure,Domestic,36
2022-07-01,Scheduled,Arrival,Domestic,17141
2021-12-01,Charter,Departure,Domestic,33
2022-01-01,Charter,Departure,Domestic,72
2022-07-01,Scheduled,Departure,International,4518
2022-03-01,Charter,Departure,Domestic,85
2022-02-01,Charter,Departure,Domestic,62
2022-03-01,Charter,Departure,International,1
2021-12-01,Charter,Arrival,Domestic,30
2022-03-01,Charter,Arrival,Domestic,84
2022-03-01,Scheduled,Departure,Domestic,16000
2021-09-01,Charter,Arrival,Domestic,37
2022-01-01,Charter,Arrival,Domestic,74
2021-11-01,Charter,Departure,Domestic,51
2022-02-01,Charter,Arrival,Domestic,64
2022-03-01,Scheduled,Arrival,Domestic,15975
2021-11-01,Charter,Arrival,Domestic,55
2021-10-01,Charter,Departure,Domestic,45
2021-09-01,Charter,Departure,Domestic,37
2022-07-01,Charter,Arrival,International,2
2021-10-01,Charter,Arrival,Domestic,43
2022-07-01,Scheduled,Departure,Domestic,17136
2022-07-01,Charter,Arrival,Domestic,39
2022-07-01,Charter,Departure,International,1
2022-07-01,Scheduled,Arrival,International,4523
2022-06-01,Scheduled,Departure,International,4144
2022-08-01,Charter,Departure,Domestic,44
2022-08-01,Scheduled,Arrival,International,4389
2022-08-01,Charter,Arrival,International,1
2022-08-01,Scheduled,Departure,International,4383
2022-08-01,Charter,Departure,International,1
2022-08-01,Scheduled,Arrival,Domestic,16882
2022-08-01,Scheduled,Departure,Domestic,16876
2022-08-01,Charter,Arrival,Domestic,39
2022-09-01,Scheduled,Departure,International,3777
2022-09-01,Scheduled,Departure,Domestic,15795
2022-09-01,Charter,Departure,Domestic,27
2022-09-01,Scheduled,Arrival,Domestic,15833
2022-09-01,Charter,Arrival,Domestic,26
2022-09-01,Scheduled,Arrival,International,3784
2022-09-01,Charter,Arrival,International,2
2022-10-01,Charter,Arrival,International,4
2022-10-01,Scheduled,Departure,Domestic,16087
2022-10-01,Charter,Arrival,Domestic,26
2022-06-01,Scheduled,Arrival,Domestic,16435
2022-10-01,Scheduled,Arrival,International,3787
2022-10-01,Charter,Departure,Domestic,27
2022-10-01,Scheduled,Arrival,Domestic,16078
2022-10-01,Charter,Departure,International,3
2022-10-01,Scheduled,Departure,International,3792
2022-11-01,Scheduled,Arrival,International,3797
2022-11-01,Charter,Arrival,International,1
2022-11-01,Charter,Departure,Domestic,39
2022-11-01,Scheduled,Departure,Domestic,15567
2022-11-01,Scheduled,Arrival,Domestic,15542
2022-11-01,Scheduled,Departure,International,3797
2022-05-01,Charter,Arrival,Domestic,57
2022-05-01,Charter,Departure,Domestic,52
2022-05-01,Charter,Arrival,International,2
2022-05-01,Scheduled,Arrival,Domestic,16846
2022-05-01,Scheduled,Departure,International,3806
2022-05-01,Charter,Departure,International,3
2022-05-01,Scheduled,Arrival,International,3841
2022-05-01,Scheduled,Departure,Domestic,16860
2022-06-01,Charter,Departure,Domestic,23
2022-06-01,Charter,Arrival,Domestic,23
2022-06-01,Charter,Departure,International,1
2022-06-01,Scheduled,Arrival,International,4131
2022-11-01,Charter,Departure,International,1
2022-06-01,Charter,Arrival,International,2
2022-06-01,Scheduled,Departure,Domestic,16920
2022-11-01,Charter,Arrival,Domestic,37
2023-02-01,Scheduled,Arrival,International,3637
2023-02-01,Charter,Departure,Domestic,42
2023-02-01,Scheduled,Departure,Domestic,14076
2023-01-01,Scheduled,Arrival,Domestic,15569
2023-02-01,Charter,Arrival,Domestic,40
2023-02-01,Scheduled,Arrival,Domestic,14031
2023-02-01,Charter,Arrival,International,4
2023-01-01,Scheduled,Departure,Domestic,15567
2023-02-01,Charter,Departure,International,4
2023-02-01,Scheduled,Departure,International,3631
2022-12-01,Scheduled,Arrival,Domestic,15351
2022-12-01,Scheduled,Departure,Domestic,15400
2022-12-01,Charter,Arrival,International,1
2022-12-01,Charter,Departure,International,2
2022-12-01,Charter,Arrival,Domestic,33
2022-12-01,Scheduled,Departure,International,4139
2022-12-01,Scheduled,Arrival,International,4127
2022-12-01,Charter,Departure,Domestic,31
2023-01-01,Charter,Departure,International,4
2023-01-01,Charter,Arrival,International,4
2023-01-01,Charter,Departure,Domestic,35
2023-01-01,Charter,Arrival,Domestic,34
2023-01-01,Scheduled,Departure,International,4133
2023-01-01,Scheduled,Arrival,International,4179
2021-02-01,Scheduled,Departure,International,1690
2017-12-01,Scheduled,Departure,Domestic,20797
2008-10-01,Charter,Departure,International,9
2016-02-01,Scheduled,Arrival,Domestic,18427
2007-09-01,Scheduled,Departure,International,4227
2018-06-01,Charter,Departure,International,2
2013-04-01,Scheduled,Departure,International,3639
2019-06-01,Scheduled,Arrival,Domestic,21483
2007-04-01,Scheduled,Departure,Domestic,19903
2015-03-01,Scheduled,Departure,International,4157
2012-10-01,Charter,Departure,Domestic,33
2012-06-01,Charter,Departure,Domestic,19
2008-04-01,Scheduled,Departure,International,4159
2018-02-01,Scheduled,Arrival,International,4822
2017-07-01,Charter,Arrival,International,1
2006-11-01,Charter,Departure,Domestic,50
2009-05-01,Charter,Arrival,International,3
2007-12-01,Charter,Arrival,International,2
2006-09-01,Scheduled,Departure,International,3902
2008-02-01,Scheduled,Departure,International,4004
2018-10-01,Charter,Arrival,Domestic,16
2009-02-01,Charter,Arrival,Domestic,33
2013-06-01,Scheduled,Departure,Domestic,20480
2018-04-01,Scheduled,Departure,Domestic,21142
2013-09-01,Scheduled,Departure,International,3825
2016-02-01,Scheduled,Departure,Domestic,18420
2015-06-01,Scheduled,Arrival,International,4644
2011-07-01,Charter,Arrival,International,6
2006-05-01,Scheduled,Arrival,International,4009
2015-11-01,Charter,Arrival,Domestic,32
2019-02-01,Charter,Arrival,International,1
2012-06-01,Charter,Departure,International,8
2019-01-01,Charter,Arrival,Domestic,24
2010-12-01,Charter,Departure,International,1
2006-01-01,Charter,Departure,Domestic,62
2006-08-01,Charter,Arrival,Domestic,15
2008-08-01,Scheduled,Departure,Domestic,20943
2008-01-01,Charter,Arrival,Domestic,38
2014-10-01,Scheduled,Arrival,Domestic,20577
2015-03-01,Charter,Arrival,Domestic,32
2011-10-01,Charter,Arrival,Domestic,9
2006-05-01,Scheduled,Arrival,Domestic,20215
2015-01-01,Charter,Departure,International,17
2016-02-01,Scheduled,Departure,International,4141
2017-04-01,Charter,Arrival,Domestic,7
2007-11-01,Charter,Arrival,International,3
2019-05-01,Scheduled,Arrival,International,5280
2014-01-01,Charter,Departure,Domestic,70
2017-11-01,Scheduled,Arrival,Domestic,20036
2010-06-01,Charter,Arrival,Domestic,16
2010-01-01,Charter,Arrival,International,1
2009-03-01,Scheduled,Arrival,International,3640
2008-11-01,Scheduled,Arrival,Domestic,16393
2006-05-01,Charter,Departure,International,3
2020-12-01,Charter,Departure,Domestic,15
2021-01-01,Scheduled,Arrival,International,2248
2018-07-01,Scheduled,Departure,Domestic,22811
2008-06-01,Scheduled,Arrival,Domestic,20817
2010-10-01,Scheduled,Arrival,Domestic,18165
2016-06-01,Scheduled,Arrival,International,5091
2020-01-01,Scheduled,Departure,Domestic,20326
2006-02-01,Scheduled,Arrival,International,3409
2014-03-01,Charter,Departure,International,9
2017-12-01,Charter,Arrival,Domestic,60
2010-05-01,Charter,Departure,International,5
2012-12-01,Charter,Departure,Domestic,28
2011-04-01,Scheduled,Arrival,Domestic,18516
2011-09-01,Scheduled,Departure,Domestic,18728
2007-06-01,Scheduled,Departure,International,4358
2019-05-01,Scheduled,Departure,Domestic,21018
2020-03-01,Scheduled,Departure,International,3222
2015-06-01,Scheduled,Departure,International,4690
2011-05-01,Scheduled,Departure,Domestic,19473
2014-11-01,Charter,Arrival,International,6
2010-04-01,Scheduled,Arrival,Domestic,17663
2006-02-01,Charter,Departure,International,100
2012-04-01,Charter,Departure,Domestic,30
2009-09-01,Scheduled,Arrival,Domestic,16981
2008-06-01,Scheduled,Arrival,International,4280
2014-06-01,Scheduled,Departure,Domestic,20981
2011-02-01,Scheduled,Arrival,International,3387
2018-08-01,Charter,Departure,Domestic,10
2015-09-01,Scheduled,Departure,Domestic,19512
2010-07-01,Charter,Arrival,International,9
2009-01-01,Scheduled,Departure,International,3647
2010-01-01,Scheduled,Departure,International,3889
2018-06-01,Charter,Arrival,Domestic,17
2020-10-01,Scheduled,Arrival,International,1513
2008-03-01,Charter,Departure,International,6
2014-12-01,Charter,Departure,International,2
2012-12-01,Scheduled,Arrival,Domestic,18617
2016-03-01,Scheduled,Departure,International,4565
2011-12-01,Charter,Departure,International,5
2013-02-01,Scheduled,Departure,Domestic,16407
2011-04-01,Charter,Departure,Domestic,19
2010-10-01,Scheduled,Departure,Domestic,18151
2020-02-01,Scheduled,Departure,Domestic,19014
2014-03-01,Scheduled,Departure,International,3996
2020-11-01,Charter,Departure,Domestic,31
2008-02-01,Scheduled,Arrival,International,3993
2018-11-01,Charter,Departure,Domestic,16
2014-12-01,Charter,Arrival,Domestic,25
2009-08-01,Scheduled,Departure,Domestic,18740
2016-10-01,Charter,Arrival,International,5
2011-05-01,Scheduled,Departure,International,3894
2016-08-01,Charter,Arrival,Domestic,6
2009-12-01,Scheduled,Departure,International,3920
2006-04-01,Scheduled,Arrival,Domestic,19305
2020-07-01,Charter,Departure,Domestic,12
2013-07-01,Scheduled,Arrival,Domestic,21463
2007-06-01,Charter,Arrival,Domestic,12
2007-07-01,Charter,Departure,International,1
2015-09-01,Scheduled,Departure,International,4504
2007-03-01,Charter,Departure,Domestic,33
2010-03-01,Scheduled,Departure,International,3727
2006-03-01,Charter,Departure,International,5
2009-12-01,Charter,Arrival,Domestic,59
2019-04-01,Charter,Arrival,Domestic,15
2016-09-01,Charter,Departure,International,1
2011-06-01,Charter,Departure,Domestic,9
2007-05-01,Charter,Arrival,International,1
2015-05-01,Scheduled,Arrival,Domestic,20386
2020-10-01,Charter,Departure,Domestic,26
2017-02-01,Scheduled,Departure,Domestic,18479
2019-03-01,Charter,Arrival,Domestic,4
2011-06-01,Scheduled,Arrival,Domestic,20073
2010-12-01,Charter,Departure,Domestic,35
2007-04-01,Scheduled,Arrival,Domestic,19843
2020-01-01,Charter,Arrival,Domestic,14
2020-07-01,Charter,Arrival,Domestic,10
2013-07-01,Scheduled,Departure,Domestic,21441
2018-01-01,Scheduled,Departure,Domestic,20505
2020-08-01,Charter,Arrival,International,8
2013-11-01,Scheduled,Departure,International,3568
2010-01-01,Scheduled,Departure,Domestic,17296
2010-09-01,Scheduled,Departure,Domestic,17634
2010-03-01,Charter,Departure,International,1
2012-02-01,Scheduled,Arrival,International,3308
2012-02-01,Scheduled,Departure,International,3339
2006-07-01,Scheduled,Departure,International,4545
2006-04-01,Charter,Departure,Domestic,52
2016-12-01,Charter,Arrival,Domestic,38
2018-03-01,Charter,Arrival,Domestic,27
2013-03-01,Scheduled,Arrival,International,3714
2021-02-01,Scheduled,Arrival,International,1619
2019-08-01,Charter,Arrival,Domestic,8
2012-03-01,Scheduled,Departure,Domestic,19615
2012-09-01,Scheduled,Departure,International,3627
2018-02-01,Charter,Arrival,Domestic,34
2012-02-01,Charter,Departure,Domestic,15
2014-02-01,Scheduled,Arrival,International,3418
2015-12-01,Scheduled,Arrival,Domestic,20147
2009-06-01,Scheduled,Arrival,International,3509
2014-07-01,Charter,Arrival,International,2
2019-10-01,Charter,Departure,International,0
2020-09-01,Scheduled,Departure,International,1267
2014-12-01,Charter,Departure,Domestic,30
2017-03-01,Scheduled,Departure,Domestic,21447
2010-09-01,Charter,Arrival,Domestic,10
2011-05-01,Charter,Departure,International,1
2011-04-01,Charter,Arrival,Domestic,21
2006-10-01,Scheduled,Departure,Domestic,20467
2007-12-01,Scheduled,Departure,Domestic,21516
2015-02-01,Scheduled,Departure,International,3630
2014-08-01,Scheduled,Arrival,International,4523
2008-05-01,Scheduled,Departure,International,4213
2015-10-01,Charter,Arrival,International,8
2007-05-01,Scheduled,Departure,International,4210
2008-05-01,Charter,Arrival,International,1
2009-09-01,Charter,Arrival,Domestic,23
2015-11-01,Scheduled,Arrival,International,4158
2016-06-01,Scheduled,Departure,Domestic,22326
2016-05-01,Charter,Departure,International,4
2015-04-01,Scheduled,Arrival,International,4175
2008-05-01,Charter,Arrival,Domestic,20
2014-07-01,Charter,Departure,Domestic,17
2020-01-01,Scheduled,Departure,International,4919
2013-07-01,Charter,Arrival,Domestic,14
2020-04-01,Scheduled,Departure,International,589
2012-01-01,Charter,Departure,International,5
2020-09-01,Scheduled,Arrival,Domestic,8544
2014-06-01,Scheduled,Arrival,Domestic,20994
2020-05-01,Charter,Departure,Domestic,7
2009-05-01,Scheduled,Arrival,International,3532
2008-05-01,Scheduled,Departure,Domestic,20244
2015-05-01,Scheduled,Arrival,International,4443
2017-07-01,Charter,Arrival,Domestic,12
2006-12-01,Charter,Arrival,Domestic,46
2013-06-01,Charter,Departure,Domestic,9
2015-07-01,Scheduled,Arrival,Domestic,21691
2015-02-01,Scheduled,Arrival,Domestic,17654
2009-09-01,Scheduled,Arrival,International,3450
2006-11-01,Scheduled,Departure,Domestic,19627
2006-12-01,Charter,Arrival,International,6
2021-01-01,Scheduled,Arrival,Domestic,10110
2008-04-01,Scheduled,Arrival,Domestic,19477
2019-10-01,Scheduled,Departure,Domestic,20895
2007-03-01,Charter,Departure,International,4
2009-07-01,Scheduled,Arrival,International,3967
2011-05-01,Charter,Departure,Domestic,17
2009-07-01,Charter,Arrival,Domestic,26
2019-09-01,Charter,Departure,International,2
2007-03-01,Scheduled,Departure,International,4193
2017-02-01,Scheduled,Departure,International,4611
2007-11-01,Scheduled,Departure,International,4081
2011-04-01,Scheduled,Arrival,International,3967
2020-01-01,Charter,Arrival,International,3
2014-09-01,Scheduled,Departure,International,3953
2019-05-01,Charter,Departure,International,2
2007-08-01,Scheduled,Departure,International,4819
2008-04-01,Charter,Departure,Domestic,26
2014-08-01,Scheduled,Departure,International,4588
2006-05-01,Scheduled,Departure,Domestic,20227
2017-12-01,Scheduled,Arrival,Domestic,20829
2008-12-01,Scheduled,Departure,International,3729
2013-03-01,Scheduled,Departure,Domestic,19048
2013-10-01,Scheduled,Arrival,Domestic,20104
2020-10-01,Scheduled,Arrival,Domestic,9442
2017-11-01,Charter,Departure,Domestic,39
2017-09-01,Charter,Arrival,International,1
2006-11-01,Scheduled,Departure,International,3757
2010-10-01,Scheduled,Departure,International,3485
2010-06-01,Scheduled,Arrival,Domestic,18580
2010-04-01,Scheduled,Departure,Domestic,17652
2015-12-01,Charter,Arrival,International,8
2013-01-01,Charter,Departure,International,12
2011-07-01,Scheduled,Departure,Domestic,20928
2007-02-01,Charter,Arrival,International,7
2018-03-01,Charter,Arrival,International,3
2009-02-01,Charter,Arrival,International,6
2009-06-01,Charter,Arrival,International,8
2011-12-01,Scheduled,Departure,Domestic,19136
2012-03-01,Scheduled,Departure,International,3788
2019-02-01,Scheduled,Arrival,International,4469
2006-09-01,Charter,Departure,Domestic,18
2012-10-01,Scheduled,Arrival,Domestic,18852
2010-08-01,Charter,Arrival,International,11
2008-08-01,Scheduled,Arrival,Domestic,20856
2013-08-01,Charter,Arrival,International,5
2008-11-01,Charter,Departure,Domestic,28
2009-11-01,Scheduled,Arrival,Domestic,16858
2008-10-01,Charter,Arrival,Domestic,21
2015-12-01,Scheduled,Arrival,International,4538
2017-01-01,Scheduled,Departure,International,5188
2017-01-01,Charter,Arrival,Domestic,26
2014-03-01,Scheduled,Arrival,International,3993
2019-06-01,Charter,Arrival,International,2
2013-03-01,Charter,Arrival,International,4
2010-07-01,Charter,Arrival,Domestic,7
2016-07-01,Charter,Departure,International,5
2007-12-01,Scheduled,Arrival,International,4577
2014-05-01,Charter,Arrival,Domestic,13
2019-03-01,Scheduled,Departure,International,5104
2015-06-01,Charter,Departure,International,1
2017-11-01,Scheduled,Departure,International,5154
2020-11-01,Scheduled,Arrival,International,1636
2007-01-01,Scheduled,Arrival,Domestic,20221
2010-04-01,Scheduled,Arrival,International,3685
2014-01-01,Scheduled,Departure,International,3911
2020-05-01,Scheduled,Arrival,Domestic,4106
2008-12-01,Scheduled,Arrival,International,3739
2016-05-01,Charter,Departure,Domestic,15
2014-09-01,Charter,Departure,International,2
2019-09-01,Scheduled,Arrival,Domestic,20260
2013-09-01,Charter,Departure,Domestic,15
2015-08-01,Scheduled,Arrival,International,5006
2010-08-01,Charter,Arrival,Domestic,10
2011-02-01,Charter,Arrival,Domestic,16
2017-05-01,Scheduled,Arrival,Domestic,21413
2011-05-01,Scheduled,Arrival,Domestic,19479
2006-11-01,Charter,Arrival,Domestic,48
2009-08-01,Charter,Arrival,International,5
2018-12-01,Charter,Arrival,Domestic,31
2007-08-01,Charter,Departure,Domestic,8
2014-06-01,Scheduled,Arrival,International,4304
2014-04-01,Charter,Departure,International,4
2016-04-01,Charter,Arrival,Domestic,24
2014-02-01,Charter,Arrival,Domestic,21
2020-05-01,Charter,Arrival,Domestic,8
2008-10-01,Scheduled,Departure,Domestic,18079
2012-09-01,Charter,Arrival,International,6
2007-10-01,Charter,Arrival,International,1
2009-02-01,Scheduled,Departure,Domestic,15409
2015-11-01,Charter,Departure,Domestic,33
2011-03-01,Charter,Departure,Domestic,24
2012-12-01,Charter,Arrival,International,8
2008-01-01,Scheduled,Departure,Domestic,20254
2013-01-01,Scheduled,Arrival,International,3695
2020-11-01,Scheduled,Departure,Domestic,9854
2008-01-01,Scheduled,Departure,International,4406
2017-05-01,Charter,Arrival,Domestic,16
2013-08-01,Scheduled,Arrival,Domestic,21084
2010-05-01,Scheduled,Departure,Domestic,18358
2008-12-01,Scheduled,Arrival,Domestic,17155
2011-05-01,Charter,Arrival,Domestic,14
2011-01-01,Scheduled,Departure,Domestic,17601
2013-10-01,Charter,Departure,Domestic,28
2015-02-01,Scheduled,Departure,Domestic,17583
2019-08-01,Scheduled,Departure,Domestic,22605
2013-07-01,Charter,Departure,Domestic,11
2011-11-01,Charter,Arrival,Domestic,13
2020-03-01,Scheduled,Departure,Domestic,17754
2015-11-01,Charter,Departure,International,1
2006-03-01,Scheduled,Arrival,Domestic,20142
2012-02-01,Charter,Departure,International,6
2012-12-01,Scheduled,Departure,Domestic,18658
2011-06-01,Charter,Departure,International,5
2015-01-01,Scheduled,Arrival,International,4122
2006-10-01,Charter,Arrival,International,285
2014-03-01,Scheduled,Departure,Domestic,20186
2015-10-01,Charter,Departure,International,6
2011-10-01,Scheduled,Arrival,International,3884
2011-10-01,Charter,Departure,International,3
2019-04-01,Charter,Departure,International,1
2008-08-01,Scheduled,Departure,International,4347
2020-12-01,Charter,Arrival,Domestic,19
2021-01-01,Charter,Arrival,Domestic,15
2018-02-01,Charter,Arrival,International,3
2020-03-01,Scheduled,Arrival,Domestic,17777
2020-06-01,Scheduled,Departure,International,657
2011-01-01,Scheduled,Arrival,International,3777
2015-01-01,Scheduled,Departure,Domestic,19501
2020-05-01,Charter,Departure,International,5
2020-09-01,Charter,Departure,Domestic,18
2020-02-01,Scheduled,Arrival,Domestic,18991
2014-05-01,Charter,Arrival,International,3
2007-02-01,Scheduled,Departure,Domestic,18238
2019-11-01,Charter,Arrival,Domestic,15
2015-06-01,Scheduled,Departure,Domestic,20721
2012-08-01,Charter,Arrival,International,2
2016-12-01,Scheduled,Departure,Domestic,21226
2018-11-01,Charter,Arrival,Domestic,17
2013-09-01,Charter,Arrival,Domestic,18
2018-08-01,Charter,Arrival,International,1
2007-02-01,Charter,Departure,International,5
2013-05-01,Scheduled,Departure,International,3830
2013-12-01,Charter,Departure,Domestic,39
2011-06-01,Charter,Arrival,International,9
2009-09-01,Charter,Departure,International,1
2008-03-01,Charter,Arrival,International,5
2006-07-01,Charter,Arrival,International,2
2019-10-01,Scheduled,Arrival,Domestic,20872
2009-10-01,Charter,Arrival,International,190
2017-01-01,Charter,Departure,International,4
2019-01-01,Charter,Arrival,International,2
2010-11-01,Scheduled,Departure,Domestic,17286
2009-05-01,Scheduled,Departure,International,3522
2016-12-01,Scheduled,Departure,International,5363
2016-10-01,Charter,Departure,Domestic,27
2017-01-01,Scheduled,Arrival,International,5195
2009-01-01,Charter,Departure,Domestic,43
2012-07-01,Scheduled,Arrival,Domestic,21109
2019-07-01,Charter,Departure,Domestic,15
2019-05-01,Charter,Arrival,International,2
2006-03-01,Charter,Arrival,International,4
2007-04-01,Charter,Arrival,Domestic,26
2015-08-01,Charter,Departure,International,2
2015-03-01,Scheduled,Arrival,International,4082
2016-09-01,Scheduled,Departure,Domestic,20739
2010-10-01,Charter,Departure,International,2
2016-03-01,Charter,Departure,Domestic,16
2009-03-01,Scheduled,Arrival,Domestic,17458
2018-11-01,Scheduled,Arrival,International,4948
2016-03-01,Charter,Arrival,Domestic,20
2008-04-01,Charter,Departure,International,4
2007-11-01,Charter,Departure,International,3
2015-10-01,Scheduled,Arrival,Domestic,20341
2014-03-01,Charter,Arrival,International,11
2017-10-01,Charter,Arrival,International,1
2014-06-01,Charter,Departure,Domestic,12
2019-08-01,Scheduled,Arrival,International,5567
2014-02-01,Charter,Arrival,International,9
2012-02-01,Scheduled,Arrival,Domestic,17605
2007-01-01,Scheduled,Departure,Domestic,20246
2019-12-01,Charter,Departure,Domestic,19
2006-06-01,Scheduled,Departure,International,4067
2007-11-01,Scheduled,Departure,Domestic,21003
2006-07-01,Scheduled,Arrival,International,4522
2015-07-01,Scheduled,Arrival,International,5066
2012-08-01,Scheduled,Arrival,Domestic,20832
2010-11-01,Charter,Departure,Domestic,39
2010-01-01,Charter,Arrival,Domestic,269
2007-02-01,Scheduled,Arrival,Domestic,18204
2018-10-01,Charter,Arrival,International,2
2019-12-01,Scheduled,Arrival,International,5103
2018-01-01,Charter,Arrival,International,2
2012-02-01,Charter,Arrival,Domestic,16
2012-01-01,Charter,Departure,Domestic,46
2010-09-01,Scheduled,Arrival,International,3330
2014-11-01,Charter,Arrival,Domestic,32
2021-01-01,Charter,Departure,International,3
2016-06-01,Charter,Arrival,International,4
2013-08-01,Charter,Departure,International,3
2010-06-01,Charter,Departure,International,11
2009-04-01,Scheduled,Arrival,Domestic,16828
2020-07-01,Charter,Arrival,International,7
2012-11-01,Charter,Arrival,Domestic,24
2019-10-01,Charter,Departure,Domestic,17
2008-09-01,Charter,Departure,International,3
2009-10-01,Scheduled,Arrival,Domestic,17674
2008-10-01,Charter,Departure,Domestic,23
2009-02-01,Charter,Departure,Domestic,33
2008-02-01,Charter,Arrival,Domestic,16
2019-05-01,Scheduled,Departure,International,5358
2009-09-01,Charter,Arrival,International,3
2018-08-01,Scheduled,Departure,Domestic,22785
2012-12-01,Scheduled,Arrival,International,3743
2009-03-01,Charter,Departure,Domestic,49
2018-06-01,Charter,Departure,Domestic,18
2008-09-01,Scheduled,Departure,Domestic,17364
2006-04-01,Scheduled,Departure,International,3928
2013-02-01,Charter,Departure,International,2
2018-04-01,Scheduled,Arrival,Domestic,21052
2011-01-01,Charter,Departure,International,1
2020-11-01,Charter,Departure,International,0
2009-07-01,Scheduled,Departure,International,3959
2006-05-01,Scheduled,Departure,International,4025
2007-06-01,Charter,Arrival,International,1
2019-02-01,Charter,Departure,International,0
2010-03-01,Charter,Arrival,International,3
2010-09-01,Charter,Arrival,International,9
2020-02-01,Charter,Departure,International,2
2019-05-01,Charter,Arrival,Domestic,10
2014-01-01,Charter,Arrival,International,6
2020-08-01,Scheduled,Arrival,International,1185
2012-01-01,Scheduled,Arrival,International,3773
2017-01-01,Charter,Departure,Domestic,38
2006-09-01,Charter,Arrival,Domestic,24
2014-10-01,Scheduled,Arrival,International,3901
2015-03-01,Charter,Departure,International,1
2013-06-01,Scheduled,Departure,International,3921
2007-04-01,Scheduled,Departure,International,4174
2011-10-01,Charter,Departure,Domestic,12
2012-03-01,Charter,Departure,International,3
2017-09-01,Scheduled,Departure,International,5290
2013-11-01,Scheduled,Departure,Domestic,18759
2009-12-01,Scheduled,Departure,Domestic,17634
2019-04-01,Scheduled,Departure,Domestic,20347
2008-12-01,Scheduled,Departure,Domestic,17170
2020-12-01,Scheduled,Arrival,Domestic,10578
2016-04-01,Charter,Arrival,International,6
2020-09-01,Scheduled,Departure,Domestic,8548
2019-01-01,Scheduled,Departure,Domestic,20411
2019-06-01,Charter,Departure,International,2
2008-08-01,Charter,Arrival,International,1
2009-09-01,Charter,Departure,Domestic,22
2007-07-01,Scheduled,Departure,International,4862
2007-09-01,Charter,Arrival,Domestic,24
2015-07-01,Scheduled,Departure,Domestic,21658
2017-02-01,Charter,Arrival,Domestic,22
2011-06-01,Scheduled,Departure,Domestic,20057
2011-04-01,Charter,Arrival,International,4
2016-11-01,Charter,Departure,Domestic,35
2017-10-01,Scheduled,Departure,Domestic,21353
2020-07-01,Scheduled,Departure,International,1037
2020-06-01,Charter,Departure,Domestic,7
2017-04-01,Charter,Departure,Domestic,3
2009-10-01,Scheduled,Departure,International,3398
2011-12-01,Scheduled,Arrival,Domestic,19159
2017-06-01,Scheduled,Departure,Domestic,21955
2020-07-01,Scheduled,Departure,Domestic,8998
2013-10-01,Scheduled,Departure,Domestic,20116
2015-01-01,Charter,Arrival,Domestic,33
2007-09-01,Scheduled,Arrival,Domestic,20746
2016-02-01,Charter,Departure,Domestic,25
2015-08-01,Charter,Arrival,International,4
2017-04-01,Charter,Arrival,International,3
2015-11-01,Scheduled,Arrival,Domestic,19310
2013-07-01,Scheduled,Departure,International,4390
2015-09-01,Charter,Departure,Domestic,11
2017-07-01,Scheduled,Arrival,International,6017
2013-11-01,Charter,Arrival,International,8
2009-05-01,Charter,Departure,Domestic,30
2013-10-01,Scheduled,Arrival,International,3830
2012-11-01,Scheduled,Arrival,Domestic,18013
2012-12-01,Scheduled,Departure,International,3731
2015-03-01,Scheduled,Departure,Domestic,20344
2013-10-01,Scheduled,Departure,International,3843
2011-11-01,Scheduled,Arrival,Domestic,18273
2016-10-01,Scheduled,Arrival,International,4941
2011-11-01,Scheduled,Arrival,International,3554
2012-03-01,Scheduled,Arrival,International,3803
2017-07-01,Scheduled,Arrival,Domestic,22664
2018-09-01,Charter,Arrival,Domestic,18
2016-05-01,Scheduled,Arrival,International,4893
2009-07-01,Charter,Arrival,International,5
2008-02-01,Charter,Arrival,International,5
2013-03-01,Scheduled,Departure,International,3712
2018-11-01,Charter,Departure,International,1
2016-07-01,Scheduled,Departure,International,5534
2018-06-01,Scheduled,Arrival,International,5753
2015-02-01,Charter,Arrival,International,5
2007-10-01,Scheduled,Arrival,Domestic,21676
2017-10-01,Scheduled,Arrival,Domestic,21395
2016-12-01,Scheduled,Arrival,Domestic,21204
2016-06-01,Charter,Departure,International,6
2013-01-01,Charter,Arrival,International,12
2011-01-01,Charter,Arrival,Domestic,41
2012-11-01,Scheduled,Arrival,International,3342
2010-11-01,Charter,Arrival,Domestic,38
2011-07-01,Charter,Arrival,Domestic,4
2017-06-01,Charter,Departure,Domestic,9
2016-12-01,Charter,Departure,International,2
2019-01-01,Charter,Departure,Domestic,28
2015-01-01,Charter,Departure,Domestic,33
2011-03-01,Scheduled,Departure,International,3840
2012-07-01,Scheduled,Departure,Domestic,20991
2018-09-01,Charter,Arrival,International,2
2015-06-01,Charter,Arrival,Domestic,10
2014-10-01,Charter,Departure,International,1
2013-05-01,Scheduled,Arrival,Domestic,19720
2014-07-01,Scheduled,Arrival,Domestic,22120
2018-07-01,Charter,Arrival,Domestic,11
2010-03-01,Scheduled,Arrival,Domestic,18157
2011-01-01,Charter,Arrival,International,2
2016-03-01,Scheduled,Arrival,International,4543
2018-08-01,Scheduled,Arrival,Domestic,22856
2008-09-01,Scheduled,Arrival,Domestic,17334
2013-06-01,Scheduled,Arrival,Domestic,20485
2012-05-01,Charter,Arrival,International,3
2006-01-01,Charter,Arrival,International,299
2014-07-01,Charter,Arrival,Domestic,18
2013-10-01,Charter,Departure,International,3
2006-09-01,Charter,Arrival,International,1
2019-12-01,Scheduled,Departure,International,5105
2008-02-01,Scheduled,Arrival,Domestic,18711
2016-04-01,Scheduled,Arrival,Domestic,19952
2012-02-01,Charter,Arrival,International,6
2018-10-01,Scheduled,Departure,International,5355
2007-03-01,Charter,Arrival,Domestic,33
2020-08-01,Charter,Arrival,Domestic,16
2021-01-01,Scheduled,Departure,International,2303
2011-03-01,Charter,Arrival,International,6
2016-03-01,Scheduled,Departure,Domestic,20539
2009-05-01,Charter,Departure,International,3
2020-10-01,Scheduled,Departure,International,1515
2016-04-01,Scheduled,Departure,International,4539
2020-12-01,Scheduled,Arrival,International,2081
2011-05-01,Charter,Arrival,International,1
2010-11-01,Scheduled,Arrival,Domestic,17208
2013-08-01,Scheduled,Departure,Domestic,21073
2013-12-01,Scheduled,Arrival,Domestic,20092
2007-05-01,Scheduled,Departure,Domestic,20539
2020-11-01,Scheduled,Arrival,Domestic,9883
2011-09-01,Scheduled,Departure,International,3817
2014-12-01,Scheduled,Arrival,Domestic,19548
2008-07-01,Charter,Arrival,International,2
2009-06-01,Scheduled,Departure,International,3517
2014-07-01,Scheduled,Departure,Domestic,22112
2020-08-01,Charter,Departure,Domestic,16
2012-11-01,Charter,Departure,International,4
2016-09-01,Charter,Arrival,International,21
2011-08-01,Scheduled,Departure,Domestic,20823
2007-09-01,Scheduled,Departure,Domestic,20876
2013-09-01,Scheduled,Departure,Domestic,19465
2006-06-01,Scheduled,Departure,Domestic,20191
2014-10-01,Charter,Arrival,International,3
2021-01-01,Charter,Departure,Domestic,18
2008-02-01,Scheduled,Departure,Domestic,18769
2016-09-01,Scheduled,Departure,International,4876
2010-02-01,Charter,Arrival,International,3
2019-02-01,Charter,Arrival,Domestic,6
2019-07-01,Charter,Arrival,International,4
2008-12-01,Charter,Arrival,International,2
2006-09-01,Scheduled,Departure,Domestic,19718
2010-07-01,Scheduled,Arrival,Domestic,19398
2019-04-01,Charter,Departure,Domestic,15
2007-06-01,Charter,Departure,Domestic,9
2013-12-01,Charter,Arrival,International,5
2013-02-01,Charter,Arrival,Domestic,15
2016-01-01,Charter,Departure,Domestic,53
2016-06-01,Charter,Arrival,Domestic,8
2017-10-01,Charter,Departure,International,1
2006-06-01,Scheduled,Arrival,Domestic,20188
2009-04-01,Charter,Arrival,International,5
2007-06-01,Scheduled,Arrival,Domestic,20501
2006-02-01,Charter,Departure,Domestic,21
2012-08-01,Scheduled,Arrival,International,4084
2017-03-01,Charter,Arrival,International,6
2006-02-01,Scheduled,Departure,Domestic,17847
2006-03-01,Charter,Departure,Domestic,47
2006-09-01,Scheduled,Arrival,International,3860
2006-07-01,Scheduled,Departure,Domestic,20975
2018-03-01,Scheduled,Departure,International,5493
2009-04-01,Scheduled,Departure,Domestic,16861
2014-05-01,Scheduled,Arrival,Domestic,20485
2019-01-01,Charter,Departure,International,2
2020-08-01,Scheduled,Departure,International,1175
2012-08-01,Charter,Departure,Domestic,11
2013-07-01,Scheduled,Arrival,International,4380
2013-05-01,Charter,Departure,Domestic,8
2018-09-01,Scheduled,Departure,International,5406
2018-11-01,Scheduled,Departure,International,4999
2017-08-01,Charter,Departure,Domestic,10
2014-08-01,Charter,Arrival,Domestic,17
2011-03-01,Scheduled,Departure,Domestic,18599
2016-08-01,Scheduled,Departure,Domestic,22989
2015-11-01,Scheduled,Departure,Domestic,19254
2019-08-01,Scheduled,Arrival,Domestic,22701
2013-01-01,Scheduled,Departure,International,3703
2010-12-01,Scheduled,Departure,Domestic,17888
2007-11-01,Scheduled,Arrival,International,4104
2006-03-01,Scheduled,Arrival,International,3983
2018-10-01,Scheduled,Arrival,Domestic,21428
2018-08-01,Charter,Arrival,Domestic,9
2017-05-01,Charter,Departure,Domestic,16
2010-12-01,Charter,Arrival,International,3
2006-01-01,Charter,Arrival,Domestic,57
2008-05-01,Charter,Departure,International,1
2009-11-01,Scheduled,Departure,Domestic,16884
2012-11-01,Charter,Arrival,International,6
2019-09-01,Charter,Arrival,International,3
2016-01-01,Scheduled,Departure,Domestic,19451
2012-09-01,Scheduled,Departure,Domestic,18585
2008-10-01,Scheduled,Departure,International,3777
2013-12-01,Scheduled,Departure,Domestic,20058
2018-03-01,Charter,Departure,Domestic,29
2013-03-01,Charter,Departure,International,3
2014-08-01,Scheduled,Departure,Domestic,21517
2020-04-01,Scheduled,Arrival,International,592
2019-11-01,Scheduled,Arrival,International,4715
2013-06-01,Charter,Departure,International,3
2010-02-01,Charter,Arrival,Domestic,31
2018-01-01,Scheduled,Departure,International,5533
2019-03-01,Scheduled,Arrival,International,5086
2012-04-01,Scheduled,Arrival,Domestic,18846
2007-11-01,Charter,Departure,Domestic,34
2016-07-01,Charter,Arrival,International,5
2006-06-01,Charter,Departure,Domestic,18
2015-09-01,Charter,Arrival,Domestic,11
2007-01-01,Charter,Departure,Domestic,42
2008-04-01,Charter,Arrival,Domestic,24
2006-11-01,Charter,Arrival,International,3
2015-12-01,Charter,Departure,International,6
2012-10-01,Charter,Arrival,International,4
2016-11-01,Scheduled,Arrival,International,4617
2018-11-01,Charter,Arrival,International,1
2007-09-01,Charter,Departure,Domestic,20
2009-12-01,Scheduled,Arrival,International,8760
2020-03-01,Scheduled,Arrival,International,3259
2008-09-01,Charter,Departure,Domestic,14
2013-09-01,Scheduled,Arrival,International,3812
2016-06-01,Scheduled,Departure,International,5031
2018-07-01,Scheduled,Arrival,International,6117
2009-01-01,Scheduled,Arrival,International,3670
2013-04-01,Charter,Departure,International,3
2007-05-01,Scheduled,Arrival,Domestic,20489
2017-02-01,Scheduled,Arrival,Domestic,18465
2008-01-01,Scheduled,Arrival,Domestic,20194
2013-10-01,Charter,Arrival,International,7
2016-02-01,Charter,Arrival,Domestic,22
2014-03-01,Charter,Departure,Domestic,43
2011-07-01,Charter,Departure,Domestic,6
2014-11-01,Charter,Departure,International,4
2017-04-01,Scheduled,Departure,Domestic,20507
2020-06-01,Scheduled,Arrival,Domestic,5519
2017-12-01,Scheduled,Departure,International,5677
2015-11-01,Scheduled,Departure,International,4148
2017-09-01,Charter,Departure,Domestic,11
2006-10-01,Scheduled,Arrival,Domestic,20427
2016-01-01,Scheduled,Arrival,Domestic,19443
2020-11-01,Charter,Arrival,Domestic,28
2020-09-01,Scheduled,Arrival,International,1254
2019-02-01,Charter,Departure,Domestic,5
2007-12-01,Charter,Departure,Domestic,31
2020-04-01,Scheduled,Departure,Domestic,4957
2016-03-01,Scheduled,Arrival,Domestic,20568
2010-02-01,Scheduled,Departure,Domestic,15759
2010-04-01,Charter,Departure,Domestic,20
2010-05-01,Scheduled,Arrival,Domestic,18347
2011-02-01,Scheduled,Departure,Domestic,15984
2006-04-01,Scheduled,Departure,Domestic,19347
2013-11-01,Charter,Arrival,Domestic,34
2010-06-01,Scheduled,Arrival,International,3810
2017-06-01,Scheduled,Arrival,Domestic,21996
2015-07-01,Scheduled,Departure,International,5134
2014-04-01,Charter,Arrival,Domestic,28
2016-06-01,Charter,Departure,Domestic,7
2006-08-01,Scheduled,Arrival,International,4343
2008-03-01,Scheduled,Departure,Domestic,19984
2019-06-01,Scheduled,Departure,Domestic,21473
2017-12-01,Charter,Departure,Domestic,44
2010-08-01,Scheduled,Arrival,International,4002
2008-06-01,Charter,Arrival,Domestic,30
2006-07-01,Scheduled,Arrival,Domestic,20958
2010-11-01,Charter,Arrival,International,3
2007-04-01,Charter,Departure,Domestic,24
2018-12-01,Scheduled,Departure,Domestic,21154
2006-04-01,Charter,Arrival,International,2
2016-07-01,Charter,Arrival,Domestic,10
2015-03-01,Charter,Arrival,International,4
2009-08-01,Charter,Arrival,Domestic,5
2012-04-01,Scheduled,Arrival,International,3715
2018-10-01,Charter,Departure,Domestic,15
2017-11-01,Charter,Arrival,International,2
2016-10-01,Charter,Arrival,Domestic,25
2014-09-01,Charter,Arrival,Domestic,17
2012-01-01,Charter,Arrival,Domestic,35
2013-06-01,Scheduled,Arrival,International,3939
2007-03-01,Scheduled,Departure,Domestic,20935
2013-05-01,Scheduled,Departure,Domestic,19745
2015-03-01,Charter,Departure,Domestic,33
2010-04-01,Charter,Arrival,Domestic,20
2010-01-01,Scheduled,Arrival,Domestic,17233
2013-06-01,Charter,Arrival,International,5
2011-12-01,Charter,Arrival,Domestic,34
2019-11-01,Scheduled,Arrival,Domestic,19846
2018-02-01,Charter,Departure,International,2
2020-12-01,Scheduled,Departure,Domestic,10609
2014-10-01,Scheduled,Departure,International,4033
2020-04-01,Charter,Departure,International,9
2011-07-01,Scheduled,Arrival,Domestic,20949
2010-07-01,Charter,Departure,Domestic,16
2019-12-01,Charter,Arrival,International,4
2010-03-01,Scheduled,Departure,Domestic,18226
2019-09-01,Charter,Arrival,Domestic,16
2013-04-01,Scheduled,Departure,Domestic,18730
2012-05-01,Scheduled,Departure,International,3763
2020-05-01,Scheduled,Departure,Domestic,4119
2012-10-01,Scheduled,Arrival,International,3610
2008-12-01,Charter,Departure,Domestic,43
2016-10-01,Scheduled,Arrival,Domestic,21415
2012-07-01,Charter,Departure,Domestic,8
2014-01-01,Charter,Arrival,Domestic,57
2017-04-01,Scheduled,Arrival,Domestic,20516
2019-04-01,Scheduled,Arrival,Domestic,20350
2015-04-01,Charter,Departure,International,2
2006-12-01,Charter,Departure,International,3
2017-03-01,Charter,Arrival,Domestic,43
2015-12-01,Scheduled,Departure,International,4523
2012-01-01,Scheduled,Departure,International,3795
2017-06-01,Charter,Arrival,Domestic,8
2010-12-01,Scheduled,Arrival,International,3704
2013-02-01,Charter,Departure,Domestic,13
2010-01-01,Charter,Departure,Domestic,84
2006-06-01,Charter,Arrival,Domestic,18
2019-06-01,Charter,Arrival,Domestic,9
2012-06-01,Scheduled,Departure,Domestic,19993
2006-08-01,Scheduled,Arrival,Domestic,21377
2017-06-01,Scheduled,Arrival,International,5559
2007-01-01,Charter,Arrival,Domestic,38
2014-11-01,Scheduled,Departure,International,3752
2013-01-01,Charter,Arrival,Domestic,24
2009-08-01,Scheduled,Departure,International,3929
2016-08-01,Scheduled,Departure,International,5459
2020-07-01,Scheduled,Arrival,International,1027
2009-03-01,Charter,Departure,International,11
2010-05-01,Charter,Arrival,International,4
2006-10-01,Scheduled,Departure,International,3938
2009-06-01,Charter,Departure,International,7
2011-09-01,Scheduled,Arrival,Domestic,18744
2010-12-01,Scheduled,Departure,International,3705
2010-05-01,Scheduled,Arrival,International,3775
2009-12-01,Charter,Departure,Domestic,43
2012-09-01,Charter,Arrival,Domestic,9
2010-04-01,Scheduled,Departure,International,3679
2013-04-01,Charter,Departure,Domestic,29
2019-02-01,Scheduled,Departure,International,4498
2014-04-01,Scheduled,Departure,Domestic,19623
2018-06-01,Scheduled,Departure,International,5676
2021-02-01,Scheduled,Arrival,Domestic,9037
2011-07-01,Scheduled,Departure,International,4236
2007-10-01,Charter,Departure,International,1
2011-08-01,Charter,Departure,Domestic,6
2006-05-01,Charter,Arrival,International,5
2017-05-01,Scheduled,Departure,Domestic,21365
2009-03-01,Charter,Arrival,Domestic,50
2013-04-01,Charter,Arrival,Domestic,26
2013-06-01,Charter,Arrival,Domestic,9
2017-10-01,Scheduled,Departure,International,5372
2009-06-01,Charter,Departure,Domestic,40
2008-03-01,Scheduled,Arrival,International,4381
2007-07-01,Scheduled,Arrival,International,4822
2008-08-01,Charter,Departure,International,2
2019-03-01,Charter,Departure,International,0
2017-11-01,Charter,Departure,International,2
2013-05-01,Charter,Arrival,International,1
2007-03-01,Scheduled,Arrival,International,4191
2014-02-01,Scheduled,Arrival,Domestic,17324
2019-10-01,Charter,Arrival,Domestic,18
2010-10-01,Charter,Arrival,International,2
2007-03-01,Scheduled,Arrival,Domestic,20841
2011-01-01,Scheduled,Departure,International,3779
2020-06-01,Scheduled,Arrival,International,659
2020-12-01,Scheduled,Departure,International,2021
2012-11-01,Charter,Departure,Domestic,29
2007-03-01,Charter,Arrival,International,4
2016-11-01,Charter,Departure,International,1
2017-08-01,Scheduled,Arrival,International,5872
2016-09-01,Scheduled,Arrival,International,4809
2014-05-01,Charter,Departure,Domestic,13
2019-08-01,Charter,Arrival,International,3
2013-12-01,Charter,Arrival,Domestic,45
2015-10-01,Scheduled,Departure,International,4556
2017-06-01,Charter,Arrival,International,3
2013-03-01,Charter,Arrival,Domestic,28
2011-10-01,Scheduled,Departure,Domestic,19214
2017-10-01,Charter,Departure,Domestic,27
2008-04-01,Scheduled,Arrival,International,4166
2006-01-01,Charter,Departure,International,5
2008-03-01,Charter,Arrival,Domestic,39
2006-12-01,Scheduled,Arrival,International,4126
2009-04-01,Charter,Departure,International,6
2013-08-01,Charter,Arrival,Domestic,14
2016-08-01,Charter,Arrival,International,2
2013-07-01,Charter,Departure,International,7
2011-02-01,Charter,Departure,International,7
2014-10-01,Charter,Departure,Domestic,44
2009-01-01,Scheduled,Departure,Domestic,16824
2014-05-01,Scheduled,Arrival,International,4105
2010-04-01,Charter,Arrival,International,3
2015-05-01,Charter,Departure,International,1
2015-12-01,Scheduled,Departure,Domestic,20106
2014-10-01,Charter,Arrival,Domestic,37
2020-01-01,Scheduled,Arrival,Domestic,20269
2018-07-01,Charter,Departure,Domestic,13
2015-06-01,Scheduled,Arrival,Domestic,20774
2017-03-01,Scheduled,Arrival,Domestic,21482
2015-02-01,Charter,Arrival,Domestic,24
2009-04-01,Scheduled,Arrival,International,3602
2009-09-01,Scheduled,Departure,International,3453
2008-06-01,Scheduled,Departure,Domestic,20704
2009-03-01,Charter,Arrival,International,10
2011-12-01,Charter,Departure,Domestic,27
2007-04-01,Charter,Arrival,International,2
2012-07-01,Scheduled,Arrival,International,4135
2012-06-01,Scheduled,Departure,International,3786
2021-01-01,Charter,Arrival,International,4
2016-05-01,Scheduled,Departure,International,4898
2010-02-01,Scheduled,Arrival,Domestic,15704
2012-03-01,Scheduled,Arrival,Domestic,19607
2019-05-01,Charter,Departure,Domestic,8
2020-10-01,Charter,Departure,International,1
2009-05-01,Scheduled,Arrival,Domestic,17436
2010-10-01,Charter,Departure,Domestic,24
2020-10-01,Charter,Arrival,Domestic,26
2009-10-01,Charter,Departure,International,191
2015-09-01,Scheduled,Arrival,Domestic,19541
2019-09-01,Scheduled,Departure,International,4980
2011-08-01,Scheduled,Arrival,Domestic,20837
2019-11-01,Scheduled,Departure,Domestic,19893
2008-11-01,Scheduled,Arrival,International,3478
2010-07-01,Charter,Departure,International,9
2019-04-01,Charter,Arrival,International,2
2010-02-01,Scheduled,Arrival,International,3372
2007-05-01,Charter,Departure,International,2
2019-01-01,Scheduled,Arrival,Domestic,20452
2009-02-01,Scheduled,Arrival,International,3207
2007-08-01,Scheduled,Departure,Domestic,22399
2018-02-01,Scheduled,Arrival,Domestic,18553
2007-11-01,Charter,Arrival,Domestic,37
2011-02-01,Scheduled,Departure,International,3384
2018-03-01,Scheduled,Arrival,International,5450
2011-10-01,Scheduled,Departure,International,3876
2017-07-01,Scheduled,Departure,International,6072
2016-02-01,Charter,Departure,International,7
2007-05-01,Charter,Arrival,Domestic,12
2009-12-01,Scheduled,Arrival,Domestic,17610
2015-08-01,Charter,Departure,Domestic,4
2017-12-01,Scheduled,Arrival,International,5629
2018-05-01,Charter,Departure,International,1
2018-01-01,Charter,Departure,Domestic,48
2017-02-01,Scheduled,Arrival,International,4564
2017-05-01,Scheduled,Departure,International,5457
2019-08-01,Charter,Departure,Domestic,10
2013-03-01,Scheduled,Arrival,Domestic,19066
2006-01-01,Scheduled,Departure,International,4116
2012-05-01,Charter,Departure,International,3
2009-04-01,Charter,Departure,Domestic,43
2006-03-01,Charter,Arrival,Domestic,51
2016-09-01,Scheduled,Arrival,Domestic,20712
2009-10-01,Scheduled,Departure,Domestic,17729
2010-06-01,Charter,Arrival,International,10
2008-09-01,Scheduled,Arrival,International,3773
2016-04-01,Scheduled,Arrival,International,4569
2010-06-01,Scheduled,Departure,International,3816
2008-07-01,Scheduled,Arrival,Domestic,21271
2016-05-01,Charter,Arrival,Domestic,10
2011-06-01,Scheduled,Departure,International,3941
2020-01-01,Scheduled,Arrival,International,4928
2011-11-01,Charter,Departure,International,1
2013-01-01,Charter,Departure,Domestic,35
2016-11-01,Scheduled,Departure,International,4680
2009-03-01,Scheduled,Departure,Domestic,17511
2011-08-01,Charter,Departure,International,6
2007-10-01,Charter,Departure,Domestic,39
2019-07-01,Charter,Arrival,Domestic,10
2014-12-01,Scheduled,Departure,International,4129
2012-11-01,Scheduled,Departure,International,3342
2019-11-01,Charter,Departure,International,0
2020-02-01,Charter,Arrival,International,2
2014-11-01,Scheduled,Arrival,Domestic,18941
2014-04-01,Charter,Departure,Domestic,31
2019-11-01,Charter,Departure,Domestic,13
2010-06-01,Charter,Departure,Domestic,20
2008-07-01,Scheduled,Arrival,International,4454
2009-08-01,Charter,Departure,Domestic,8
2006-02-01,Scheduled,Arrival,Domestic,17833
2020-10-01,Charter,Arrival,International,2
2016-12-01,Charter,Departure,Domestic,27
2014-12-01,Charter,Arrival,International,7
2017-08-01,Scheduled,Arrival,Domestic,22599
2016-01-01,Scheduled,Arrival,International,4517
2018-02-01,Charter,Departure,Domestic,31
2010-05-01,Charter,Departure,Domestic,17
2011-03-01,Charter,Arrival,Domestic,23
2014-11-01,Scheduled,Departure,Domestic,18836
2006-03-01,Scheduled,Departure,Domestic,20179
2008-05-01,Scheduled,Arrival,Domestic,20217
2020-05-01,Scheduled,Departure,International,552
2016-10-01,Scheduled,Departure,International,4995
2009-11-01,Scheduled,Arrival,International,3504
2015-05-01,Charter,Arrival,Domestic,18
2018-05-01,Scheduled,Arrival,International,5630
2013-08-01,Scheduled,Arrival,International,4308
2006-11-01,Scheduled,Arrival,International,3745
2015-01-01,Scheduled,Arrival,Domestic,19564
2016-08-01,Scheduled,Arrival,International,5401
2008-05-01,Scheduled,Arrival,International,4199
2012-10-01,Scheduled,Departure,Domestic,18828
2019-02-01,Scheduled,Arrival,Domestic,18390
2010-11-01,Scheduled,Arrival,International,3416
2008-06-01,Scheduled,Departure,International,4291
2015-12-01,Charter,Arrival,Domestic,42
2014-09-01,Scheduled,Arrival,International,3929
2015-03-01,Scheduled,Arrival,Domestic,20427
2016-01-01,Charter,Arrival,Domestic,41
2016-01-01,Charter,Departure,International,5
2018-06-01,Scheduled,Arrival,Domestic,22171
2015-05-01,Scheduled,Departure,International,4503
2012-06-01,Charter,Arrival,Domestic,17
2014-07-01,Scheduled,Departure,International,4683
2014-02-01,Charter,Departure,Domestic,24
2018-07-01,Scheduled,Arrival,Domestic,22851
2011-10-01,Scheduled,Arrival,Domestic,19212
2011-09-01,Scheduled,Arrival,International,3825
2018-01-01,Scheduled,Arrival,Domestic,20524
2012-09-01,Scheduled,Arrival,International,3621
2010-08-01,Scheduled,Departure,International,3999
2015-04-01,Charter,Departure,Domestic,29
2015-07-01,Charter,Arrival,Domestic,7
2013-07-01,Charter,Arrival,International,7
2013-09-01,Scheduled,Arrival,Domestic,19462
2012-09-01,Scheduled,Arrival,Domestic,18591
2016-07-01,Scheduled,Arrival,International,5549
2011-03-01,Scheduled,Arrival,Domestic,18615
2010-06-01,Scheduled,Departure,Domestic,18695
2008-05-01,Charter,Departure,Domestic,15
2008-11-01,Scheduled,Departure,International,3468
2018-06-01,Charter,Arrival,International,1
2010-08-01,Charter,Departure,International,9
2008-04-01,Charter,Arrival,International,5
2013-09-01,Charter,Arrival,International,14
2020-04-01,Charter,Arrival,Domestic,6
2019-03-01,Charter,Arrival,International,1
2007-10-01,Scheduled,Departure,International,4154
2015-02-01,Scheduled,Arrival,International,3534
2015-01-01,Charter,Arrival,International,11
2015-06-01,Charter,Departure,Domestic,15
2018-06-01,Scheduled,Departure,Domestic,22183
2015-08-01,Charter,Arrival,Domestic,2
2011-12-01,Charter,Arrival,International,5
2010-05-01,Scheduled,Departure,International,3771
2006-02-01,Charter,Arrival,International,101
2017-07-01,Charter,Departure,Domestic,14
2008-06-01,Charter,Arrival,International,1
2015-01-01,Scheduled,Departure,International,4209
2013-08-01,Charter,Departure,Domestic,12
2014-12-01,Scheduled,Arrival,International,4020
2011-09-01,Charter,Departure,International,1
2014-11-01,Scheduled,Arrival,International,3627
2014-12-01,Scheduled,Departure,Domestic,19423
2009-01-01,Charter,Arrival,Domestic,35
2006-12-01,Scheduled,Arrival,Domestic,20561
2006-02-01,Charter,Arrival,Domestic,22
2015-06-01,Charter,Arrival,International,6
2017-05-01,Charter,Arrival,International,4
2008-01-01,Charter,Departure,Domestic,43
2011-09-01,Charter,Departure,Domestic,10
2017-11-01,Scheduled,Arrival,International,5094
2013-04-01,Charter,Arrival,International,5
2012-05-01,Charter,Arrival,Domestic,25
2015-09-01,Scheduled,Arrival,International,4444
2011-12-01,Scheduled,Departure,International,3814
2008-03-01,Scheduled,Departure,International,4373
2017-06-01,Charter,Departure,International,1
2021-02-01,Charter,Arrival,International,1
2018-12-01,Scheduled,Departure,International,5290
2007-10-01,Scheduled,Arrival,International,4164
2010-09-01,Charter,Departure,International,6
2014-02-01,Charter,Departure,International,1
2011-02-01,Charter,Arrival,International,10
2006-06-01,Charter,Arrival,International,1
2010-11-01,Charter,Departure,International,1
2011-08-01,Charter,Arrival,Domestic,7
2009-07-01,Charter,Departure,International,5
2018-12-01,Scheduled,Arrival,Domestic,21207
2007-01-01,Charter,Arrival,International,3
2019-04-01,Scheduled,Arrival,International,5124
2012-05-01,Scheduled,Arrival,International,3766
2018-05-01,Scheduled,Departure,Domestic,21976
2013-01-01,Scheduled,Departure,Domestic,18058
2009-02-01,Scheduled,Arrival,Domestic,15368
2012-09-01,Charter,Departure,Domestic,23
2015-07-01,Charter,Departure,Domestic,11
2006-10-01,Charter,Departure,Domestic,50
2014-01-01,Scheduled,Arrival,Domestic,19312
2008-07-01,Scheduled,Departure,Domestic,21380
2009-10-01,Charter,Arrival,Domestic,33
2018-04-01,Scheduled,Arrival,International,5389
2019-12-01,Scheduled,Departure,Domestic,21338
2018-09-01,Scheduled,Arrival,International,5353
2008-08-01,Charter,Arrival,Domestic,14
2017-10-01,Scheduled,Arrival,International,5322
2018-08-01,Scheduled,Departure,International,6043
2006-09-01,Scheduled,Arrival,Domestic,19735
2017-01-01,Charter,Arrival,International,7
2013-11-01,Scheduled,Arrival,Domestic,18774
2007-12-01,Scheduled,Departure,International,4551
2020-03-01,Charter,Arrival,Domestic,6
2006-07-01,Charter,Departure,Domestic,14
2013-05-01,Scheduled,Arrival,International,3822
2017-08-01,Scheduled,Departure,International,5922
2014-07-01,Charter,Departure,International,1
2018-12-01,Scheduled,Arrival,International,5254
2017-04-01,Scheduled,Arrival,International,5236
2011-04-01,Scheduled,Departure,Domestic,18681
2010-10-01,Scheduled,Arrival,International,3491
2006-05-01,Charter,Arrival,Domestic,26
2012-04-01,Scheduled,Departure,International,3715
2008-04-01,Scheduled,Departure,Domestic,19532
2015-08-01,Scheduled,Departure,Domestic,21356
2010-12-01,Scheduled,Arrival,Domestic,17946
2006-11-01,Charter,Departure,International,2
2006-12-01,Charter,Departure,Domestic,44
2018-07-01,Scheduled,Departure,International,6177
2016-07-01,Scheduled,Departure,Domestic,22987
2016-08-01,Charter,Departure,Domestic,7
2006-07-01,Charter,Arrival,Domestic,16
2010-08-01,Scheduled,Arrival,Domestic,19319
2014-08-01,Charter,Arrival,International,2
2008-11-01,Charter,Arrival,Domestic,28
2019-10-01,Scheduled,Departure,International,5068
2007-09-01,Scheduled,Arrival,International,4236
2016-11-01,Charter,Arrival,Domestic,32
2006-03-01,Scheduled,Departure,International,3991
2020-12-01,Charter,Arrival,International,3
2007-05-01,Charter,Departure,Domestic,13
2014-04-01,Scheduled,Departure,International,3918
2014-04-01,Charter,Arrival,International,8
2012-04-01,Charter,Arrival,International,10
2008-02-01,Charter,Departure,International,5
2017-02-01,Charter,Departure,Domestic,21
2010-12-01,Charter,Arrival,Domestic,60
2011-11-01,Scheduled,Departure,International,3550
2007-06-01,Scheduled,Arrival,International,4322
2012-07-01,Charter,Arrival,Domestic,12
2012-10-01,Charter,Arrival,Domestic,19
2014-01-01,Scheduled,Departure,Domestic,19319
2018-03-01,Scheduled,Arrival,Domestic,21215
2017-08-01,Charter,Arrival,International,1
2008-08-01,Scheduled,Arrival,International,4345
2014-03-01,Scheduled,Arrival,Domestic,20156
2013-04-01,Scheduled,Arrival,Domestic,18689
2019-12-01,Charter,Arrival,Domestic,15
2016-10-01,Scheduled,Departure,Domestic,21371
2013-12-01,Scheduled,Departure,International,3890
2016-03-01,Charter,Arrival,International,2
2016-11-01,Charter,Arrival,International,2
2019-07-01,Scheduled,Arrival,Domestic,22688
2014-05-01,Scheduled,Departure,Domestic,20488
2019-06-01,Scheduled,Departure,International,5428
2017-03-01,Charter,Departure,Domestic,46
2019-07-01,Scheduled,Departure,International,5776
2020-01-01,Charter,Departure,Domestic,18
2013-11-01,Charter,Departure,Domestic,31
2017-08-01,Charter,Arrival,Domestic,8
2007-04-01,Scheduled,Arrival,International,4159
2007-02-01,Charter,Departure,Domestic,16
2012-06-01,Scheduled,Arrival,International,3785
2010-05-01,Charter,Arrival,Domestic,15
2021-01-01,Scheduled,Departure,Domestic,10142
2014-02-01,Scheduled,Departure,International,3426
2010-08-01,Scheduled,Departure,Domestic,19321
2012-03-01,Charter,Arrival,International,2
2014-06-01,Charter,Arrival,International,2
2015-07-01,Charter,Arrival,International,3
2013-11-01,Scheduled,Arrival,International,3563
2006-01-01,Scheduled,Departure,Domestic,19661
2015-02-01,Charter,Departure,International,4
2015-10-01,Scheduled,Departure,Domestic,20261
2016-11-01,Scheduled,Departure,Domestic,20582
2009-01-01,Charter,Departure,International,6
2014-06-01,Charter,Arrival,Domestic,11
2016-12-01,Scheduled,Arrival,International,5330
2016-04-01,Charter,Departure,Domestic,23
2012-08-01,Charter,Departure,International,2
2018-03-01,Scheduled,Departure,Domestic,21190
2019-03-01,Charter,Departure,Domestic,4
2006-11-01,Scheduled,Arrival,Domestic,19627
2007-01-01,Scheduled,Departure,International,4402
2007-07-01,Charter,Arrival,International,1
2019-09-01,Scheduled,Departure,Domestic,20267
2009-08-01,Scheduled,Arrival,International,3907
2016-05-01,Scheduled,Arrival,Domestic,20862
2010-02-01,Scheduled,Departure,International,3372
2016-10-01,Charter,Departure,International,1
2020-03-01,Charter,Departure,International,4
2010-02-01,Charter,Departure,International,2
2020-02-01,Charter,Departure,Domestic,17
2010-07-01,Scheduled,Departure,International,4160
2007-12-01,Scheduled,Arrival,Domestic,21414
2006-05-01,Charter,Departure,Domestic,24
2013-08-01,Scheduled,Departure,International,4322
2009-05-01,Scheduled,Departure,Domestic,17466
2012-04-01,Charter,Departure,International,3
2016-07-01,Scheduled,Arrival,Domestic,22940
2018-05-01,Scheduled,Arrival,Domestic,21920
2014-09-01,Charter,Departure,Domestic,24
2011-06-01,Charter,Arrival,Domestic,9
2008-10-01,Scheduled,Arrival,Domestic,18015
2017-05-01,Scheduled,Arrival,International,5412
2013-01-01,Scheduled,Arrival,Domestic,18077
2009-11-01,Charter,Arrival,International,4
2019-11-01,Scheduled,Departure,International,4708
2019-01-01,Scheduled,Arrival,International,5002
2019-09-01,Scheduled,Arrival,International,5068
2007-02-01,Charter,Arrival,Domestic,14
2007-12-01,Charter,Departure,International,1
2007-11-01,Scheduled,Arrival,Domestic,20920
2020-07-01,Charter,Departure,International,11
2019-02-01,Scheduled,Departure,Domestic,18357
2012-07-01,Scheduled,Departure,International,4139
2006-04-01,Scheduled,Arrival,International,3915
2019-06-01,Charter,Departure,Domestic,6
2013-05-01,Charter,Arrival,Domestic,12
2008-01-01,Charter,Departure,International,7
2010-07-01,Scheduled,Departure,Domestic,19400
2011-06-01,Scheduled,Arrival,International,3949
2009-07-01,Scheduled,Arrival,Domestic,18833
2013-02-01,Scheduled,Arrival,International,3246
2007-08-01,Charter,Arrival,Domestic,7
2015-04-01,Scheduled,Departure,International,4222
2010-11-01,Scheduled,Departure,International,3408
2007-02-01,Scheduled,Arrival,International,3862
2017-06-01,Scheduled,Departure,International,5615
2012-05-01,Scheduled,Departure,Domestic,19426
2010-01-01,Scheduled,Arrival,International,3893
2006-12-01,Scheduled,Departure,Domestic,20618
2018-05-01,Scheduled,Departure,International,5695
2012-04-01,Scheduled,Departure,Domestic,18837
2018-04-01,Charter,Arrival,Domestic,6
2015-08-01,Scheduled,Arrival,Domestic,21393
2009-08-01,Charter,Departure,International,5
2014-09-01,Charter,Arrival,International,8
2020-08-01,Scheduled,Arrival,Domestic,9758
2013-03-01,Charter,Departure,Domestic,29
2009-06-01,Scheduled,Arrival,Domestic,17843
2017-04-01,Scheduled,Departure,International,5240
2010-08-01,Charter,Departure,Domestic,7
2010-02-01,Charter,Departure,Domestic,32
2013-12-01,Scheduled,Arrival,International,3891
2010-07-01,Scheduled,Arrival,International,4185
2016-05-01,Charter,Arrival,International,6
2008-09-01,Charter,Arrival,Domestic,14
2008-02-01,Charter,Departure,Domestic,19
2013-02-01,Charter,Arrival,International,3
2017-01-01,Scheduled,Departure,Domestic,20643
2013-12-01,Charter,Departure,International,4
2012-01-01,Charter,Arrival,International,9
2015-04-01,Charter,Arrival,International,4
2019-03-01,Scheduled,Arrival,Domestic,21354
2012-10-01,Scheduled,Departure,International,3605
2018-05-01,Charter,Arrival,Domestic,8
2006-10-01,Charter,Arrival,Domestic,48
2015-10-01,Charter,Arrival,Domestic,26
2010-03-01,Scheduled,Arrival,International,3729
2015-04-01,Scheduled,Arrival,Domestic,19664
2013-10-01,Charter,Arrival,Domestic,24
2009-11-01,Scheduled,Departure,International,3503
2007-07-01,Charter,Departure,Domestic,18
2015-11-01,Charter,Arrival,International,2
2014-11-01,Charter,Departure,Domestic,30
2017-09-01,Scheduled,Arrival,Domestic,20351
2013-02-01,Scheduled,Departure,International,3223
2016-03-01,Charter,Departure,International,4
2014-07-01,Scheduled,Arrival,International,4650
2012-05-01,Charter,Departure,Domestic,25
2008-09-01,Charter,Arrival,International,3
2015-05-01,Charter,Departure,Domestic,17
2007-12-01,Charter,Arrival,Domestic,38
2018-01-01,Scheduled,Arrival,International,5527
2017-09-01,Scheduled,Arrival,International,5240
2012-08-01,Scheduled,Departure,Domestic,20815
2019-01-01,Scheduled,Departure,International,5131
2009-07-01,Scheduled,Departure,Domestic,18918
2017-09-01,Scheduled,Departure,Domestic,20293
2012-05-01,Scheduled,Arrival,Domestic,19424
2018-10-01,Scheduled,Departure,Domestic,21351
2008-06-01,Charter,Departure,Domestic,26
2021-02-01,Scheduled,Departure,Domestic,9044
2010-10-01,Charter,Arrival,Domestic,25
2016-02-01,Scheduled,Arrival,International,4079
2018-10-01,Scheduled,Arrival,International,5313
2008-07-01,Charter,Arrival,Domestic,14
2020-06-01,Charter,Arrival,Domestic,8
2016-02-01,Charter,Arrival,International,10
2013-09-01,Charter,Departure,International,10
2019-09-01,Charter,Departure,Domestic,15
2019-08-01,Scheduled,Departure,International,5602
2009-01-01,Charter,Arrival,International,6
2007-05-01,Scheduled,Arrival,International,4197
2007-10-01,Charter,Arrival,Domestic,40
2009-10-01,Charter,Departure,Domestic,31
2007-08-01,Scheduled,Arrival,International,4828
2007-01-01,Charter,Departure,International,3
2007-07-01,Charter,Arrival,Domestic,21
2009-11-01,Charter,Departure,Domestic,37
2008-03-01,Charter,Departure,Domestic,38
2017-11-01,Charter,Arrival,Domestic,37
2008-01-01,Charter,Arrival,International,8
2015-05-01,Scheduled,Departure,Domestic,20324
2014-09-01,Scheduled,Arrival,Domestic,19736
2008-08-01,Charter,Departure,Domestic,12
2018-09-01,Scheduled,Arrival,Domestic,20761
2013-05-01,Charter,Departure,International,2
2018-01-01,Charter,Arrival,Domestic,34
2016-05-01,Scheduled,Departure,Domestic,21231
2011-07-01,Charter,Departure,International,5
2011-12-01,Scheduled,Arrival,International,3818
2011-01-01,Scheduled,Arrival,Domestic,17612
2017-10-01,Charter,Arrival,Domestic,32
2008-11-01,Scheduled,Departure,Domestic,16425
2016-01-01,Charter,Arrival,International,7
2012-08-01,Scheduled,Departure,International,4083
2012-03-01,Charter,Departure,Domestic,28
2019-04-01,Scheduled,Departure,International,5198
2020-08-01,Charter,Departure,International,8
2020-06-01,Scheduled,Departure,Domestic,5650
2020-01-01,Charter,Departure,International,0
2020-11-01,Charter,Arrival,International,1
2013-04-01,Scheduled,Arrival,International,3653
2011-04-01,Charter,Departure,International,2
2011-11-01,Scheduled,Departure,Domestic,18268
2018-05-01,Charter,Arrival,International,3
2017-02-01,Charter,Arrival,International,2
2008-07-01,Scheduled,Departure,International,4444
2019-08-01,Charter,Departure,International,0
2016-11-01,Scheduled,Arrival,Domestic,20565
2018-02-01,Scheduled,Departure,Domestic,18532
2009-08-01,Scheduled,Arrival,Domestic,18712
2016-04-01,Scheduled,Departure,Domestic,20005
2009-02-01,Scheduled,Departure,International,3192
2007-06-01,Scheduled,Departure,Domestic,20569
2008-09-01,Scheduled,Departure,International,3781
2012-07-01,Charter,Arrival,International,2
2009-07-01,Charter,Departure,Domestic,27
2008-12-01,Charter,Arrival,Domestic,50
2015-02-01,Charter,Departure,Domestic,20
2015-09-01,Charter,Arrival,International,2
2018-02-01,Scheduled,Departure,International,4864
2020-11-01,Scheduled,Departure,International,1645
2012-04-01,Charter,Arrival,Domestic,24
2016-09-01,Charter,Arrival,Domestic,10
2011-09-01,Charter,Arrival,Domestic,11
2020-04-01,Charter,Departure,Domestic,5
2016-01-01,Scheduled,Departure,International,4500
2007-07-01,Scheduled,Arrival,Domestic,22098
2006-02-01,Scheduled,Departure,International,3426
2009-01-01,Scheduled,Arrival,Domestic,16788
2020-10-01,Scheduled,Departure,Domestic,9451
2011-04-01,Scheduled,Departure,International,3793
2013-02-01,Scheduled,Arrival,Domestic,16395
2007-02-01,Scheduled,Departure,International,3866
2017-03-01,Scheduled,Departure,International,5193
2009-04-01,Scheduled,Departure,International,3586
2008-07-01,Charter,Departure,Domestic,16
2012-11-01,Scheduled,Departure,Domestic,18015
2009-11-01,Charter,Departure,International,3
2018-12-01,Charter,Departure,Domestic,29
2012-01-01,Scheduled,Departure,Domestic,18464
2020-05-01,Charter,Arrival,International,2
2010-09-01,Scheduled,Departure,International,3326
2011-11-01,Charter,Departure,Domestic,12
2016-09-01,Charter,Departure,Domestic,11
2006-12-01,Scheduled,Departure,International,4143
2008-01-01,Scheduled,Arrival,International,4399
2012-12-01,Charter,Departure,International,4
2016-06-01,Scheduled,Arrival,Domestic,22288
2014-03-01,Charter,Arrival,Domestic,43
2017-08-01,Scheduled,Departure,Domestic,22667
2019-07-01,Scheduled,Departure,Domestic,22688
2007-07-01,Scheduled,Departure,Domestic,22217
2009-09-01,Scheduled,Departure,Domestic,16992
2011-09-01,Charter,Arrival,International,2
2014-08-01,Scheduled,Arrival,Domestic,21552
2012-03-01,Charter,Arrival,Domestic,28
2015-10-01,Scheduled,Arrival,International,4489
2007-01-01,Scheduled,Arrival,International,4395
2006-01-01,Scheduled,Arrival,International,4057
2010-03-01,Charter,Departure,Domestic,28
2019-06-01,Scheduled,Arrival,International,5344
2006-06-01,Scheduled,Arrival,International,4069
2014-05-01,Scheduled,Departure,International,4130
2015-04-01,Scheduled,Departure,Domestic,19870
2019-05-01,Scheduled,Arrival,Domestic,21034
2011-08-01,Charter,Arrival,International,7
2008-11-01,Charter,Departure,International,8
2019-07-01,Charter,Departure,International,1
2011-02-01,Charter,Departure,Domestic,16
2011-10-01,Charter,Arrival,International,1
2012-06-01,Scheduled,Arrival,Domestic,20003
2012-12-01,Charter,Arrival,Domestic,31
2018-09-01,Scheduled,Departure,Domestic,20684
2019-07-01,Scheduled,Arrival,International,5743
2015-08-01,Scheduled,Departure,International,5067
2009-11-01,Charter,Arrival,Domestic,37
2020-05-01,Scheduled,Arrival,International,561
2006-10-01,Scheduled,Arrival,International,3645
2015-04-01,Charter,Arrival,Domestic,28
2018-11-01,Scheduled,Departure,Domestic,20290
2019-03-01,Scheduled,Departure,Domestic,21335
2011-11-01,Charter,Arrival,International,1
2018-09-01,Charter,Departure,Domestic,19
2016-04-01,Charter,Departure,International,8
2019-10-01,Charter,Arrival,International,2
2015-10-01,Charter,Departure,Domestic,26
2018-04-01,Scheduled,Departure,International,5433
2017-04-01,Charter,Departure,International,6
2020-04-01,Charter,Arrival,International,8
2009-06-01,Scheduled,Departure,Domestic,17872
2020-03-01,Charter,Arrival,International,7
2020-02-01,Scheduled,Departure,International,4141
2015-12-01,Charter,Departure,Domestic,36
2016-08-01,Scheduled,Arrival,Domestic,22983
2012-06-01,Charter,Arrival,International,4
2017-09-01,Charter,Arrival,Domestic,9
2014-02-01,Scheduled,Departure,Domestic,17312
2014-06-01,Scheduled,Departure,International,4331
2011-08-01,Scheduled,Departure,International,4177
2014-10-01,Scheduled,Departure,Domestic,20303
2009-10-01,Scheduled,Arrival,International,3402
2020-08-01,Scheduled,Departure,Domestic,9763
2010-03-01,Charter,Arrival,Domestic,25
2016-12-01,Charter,Arrival,International,9
2007-09-01,Charter,Arrival,International,3
2008-03-01,Scheduled,Arrival,Domestic,19917
2017-11-01,Scheduled,Departure,Domestic,19978
2014-01-01,Scheduled,Arrival,International,3913
2014-04-01,Scheduled,Arrival,International,3904
2017-03-01,Scheduled,Arrival,International,5138
2021-02-01,Charter,Departure,Domestic,11
2012-08-01,Charter,Arrival,Domestic,12
2011-07-01,Scheduled,Arrival,International,4235
2018-11-01,Scheduled,Arrival,Domestic,20324
2012-01-01,Scheduled,Arrival,Domestic,18477
2006-04-01,Charter,Arrival,Domestic,57
2012-02-01,Scheduled,Departure,Domestic,17638
2006-08-01,Charter,Departure,Domestic,16
2019-11-01,Charter,Arrival,International,1
2006-08-01,Scheduled,Departure,International,4368
2010-09-01,Scheduled,Arrival,Domestic,17637
2009-04-01,Charter,Arrival,Domestic,42
2012-07-01,Charter,Departure,International,6
2020-03-01,Charter,Departure,Domestic,10
2014-09-01,Scheduled,Departure,Domestic,19702
2011-03-01,Scheduled,Arrival,International,3833
2009-03-01,Scheduled,Departure,International,3611
2017-07-01,Scheduled,Departure,Domestic,22582
2014-04-01,Scheduled,Arrival,Domestic,19567
2015-05-01,Charter,Arrival,International,2
2021-02-01,Charter,Arrival,Domestic,10
2011-02-01,Scheduled,Arrival,Domestic,15973
2011-01-01,Charter,Departure,Domestic,67
2010-09-01,Charter,Departure,Domestic,11
2018-05-01,Charter,Departure,Domestic,9
2019-12-01,Scheduled,Arrival,Domestic,21317
2020-07-01,Scheduled,Arrival,Domestic,9027
2019-10-01,Scheduled,Arrival,International,5025
2007-08-01,Scheduled,Arrival,Domestic,22241
2009-06-01,Charter,Arrival,Domestic,36
2014-08-01,Charter,Departure,Domestic,17
2018-08-01,Scheduled,Arrival,International,5973
2008-10-01,Scheduled,Arrival,International,3793
2008-11-01,Charter,Arrival,International,3
2006-01-01,Scheduled,Arrival,Domestic,19691
2007-10-01,Scheduled,Departure,Domestic,21767
2020-02-01,Charter,Arrival,Domestic,17
2018-04-01,Charter,Departure,Domestic,10
2006-08-01,Scheduled,Departure,Domestic,21406
2020-04-01,Scheduled,Arrival,Domestic,4935
2013-11-01,Charter,Departure,International,3
2006-08-01,Charter,Arrival,International,1
2018-04-01,Charter,Arrival,International,3
2011-05-01,Scheduled,Arrival,International,3897
2020-09-01,Charter,Arrival,Domestic,21
2009-02-01,Charter,Departure,International,6
2017-01-01,Scheduled,Arrival,Domestic,20572
2020-02-01,Scheduled,Arrival,International,4142
2016-07-01,Charter,Departure,Domestic,7
2007-08-01,Charter,Arrival,International,1
2011-08-01,Scheduled,Arrival,International,4184
2009-05-01,Charter,Arrival,Domestic,32
2023-09-01,Scheduled,Departure,International,4797
2023-03-01,Scheduled,Departure,Domestic,16134
2023-03-01,Charter,Arrival,Domestic,65
2023-03-01,Charter,Departure,International,3
2023-03-01,Charter,Departure,Domestic,63
2023-03-01,Charter,Arrival,International,1
2023-08-01,Charter,Arrival,Domestic,38
2023-03-01,Scheduled,Arrival,Domestic,16173
2023-04-01,Scheduled,Departure,Domestic,15739
2023-03-01,Scheduled,Arrival,International,4896
2023-04-01,Charter,Arrival,International,19
2023-04-01,Charter,Arrival,Domestic,47
2023-04-01,Charter,Departure,International,13
2023-04-01,Scheduled,Arrival,Domestic,15739
2023-04-01,Charter,Departure,Domestic,48
2023-03-01,Scheduled,Departure,International,4960
2023-09-01,Charter,Departure,Domestic,37
2023-09-01,Scheduled,Departure,Domestic,16721
2023-05-01,Charter,Arrival,International,9
2023-05-01,Scheduled,Departure,Domestic,16987
2023-05-01,Charter,Departure,International,9
2023-05-01,Scheduled,Departure,International,4656
2023-05-01,Scheduled,Arrival,Domestic,17062
2023-05-01,Scheduled,Arrival,International,4597
2023-05-01,Charter,Departure,Domestic,51
2023-05-01,Charter,Arrival,Domestic,48
2023-04-01,Scheduled,Arrival,International,4368
2023-06-01,Scheduled,Arrival,International,4691
2023-06-01,Scheduled,Arrival,Domestic,17066
2023-06-01,Scheduled,Departure,International,4888
2023-04-01,Scheduled,Departure,International,4368
2023-06-01,Charter,Departure,International,10
2023-06-01,Scheduled,Departure,Domestic,17398
2023-06-01,Charter,Arrival,Domestic,44
2023-06-01,Charter,Departure,Domestic,42
2023-06-01,Charter,Arrival,International,12
2023-07-01,Scheduled,Departure,International,5337
2023-07-01,Scheduled,Departure,Domestic,18158
2023-07-01,Scheduled,Arrival,Domestic,17752
2023-07-01,Charter,Arrival,International,1
2023-07-01,Scheduled,Arrival,International,5227
2023-07-01,Charter,Departure,International,1
2023-08-01,Scheduled,Arrival,Domestic,17909
2023-08-01,Scheduled,Departure,International,5246
2023-08-01,Scheduled,Departure,Domestic,18169
2023-08-01,Scheduled,Arrival,International,5131
2023-07-01,Charter,Departure,Domestic,41
2023-07-01,Charter,Arrival,Domestic,44
2023-09-01,Charter,Arrival,Domestic,42
2023-08-01,Charter,Departure,Domestic,42
2023-09-01,Scheduled,Arrival,Domestic,16501
2023-09-01,Scheduled,Arrival,International,4681
2023-10-01,Scheduled,Arrival,International,4692
2023-10-01,Scheduled,Arrival,Domestic,17184
2023-10-01,Charter,Departure,Domestic,34
2023-10-01,Charter,Arrival,Domestic,29
2023-10-01,Charter,Departure,International,1
2023-10-01,Scheduled,Departure,Domestic,17183
2023-10-01,Scheduled,Departure,International,4700
