Arrival_Departure,Domestic_International,Cargo_Type,Tons
Arrival,International,Freight,86595
Arrival,International,Freight,78931
Arrival,International,Freight,81369
Arrival,International,Freight,82958
Arrival,International,Freight,96096
Arrival,International,Mail,921
Arrival,Domestic,Mail,3197
Arrival,International,Freight,100358
Departure,Domestic,Freight,40285
Departure,Domestic,Freight,43444
Arrival,International,Freight,97048
Departure,International,Freight,66254
Departure,International,Freight,60458
Arrival,International,Mail,913
Arrival,Domestic,Freight,43368
Departure,International,Mail,412
Departure,Domestic,Mail,5468
Departure,International,Mail,403
Departure,Domestic,Mail,5677
Arrival,Domestic,Freight,44001
Arrival,Domestic,Mail,3578
Departure,Domestic,Freight,36156
Arrival,Domestic,Mail,5637
Departure,Domestic,Mail,4929
Arrival,Domestic,Mail,3664
Departure,Domestic,Freight,40988
Arrival,Domestic,Freight,45657
Departure,International,Freight,56453
Departure,Domestic,Mail,5231
Departure,International,Mail,445
Arrival,International,Freight,93511
Arrival,International,Freight,99065
Departure,International,Freight,64024
Arrival,Domestic,Freight,45132
Departure,International,Freight,60486
Arrival,International,Mail,863
Departure,International,Mail,397
Departure,Domestic,Mail,4563
Departure,Domestic,Freight,39269
Arrival,Domestic,Mail,2604
Arrival,International,Mail,892
Arrival,International,Mail,811
Departure,International,Mail,737
Departure,Domestic,Freight,39746
Arrival,Domestic,Mail,3359
Departure,International,Freight,61597
Arrival,Domestic,Freight,46463
Departure,Domestic,Mail,6811
Arrival,International,Freight,92346
Arrival,Domestic,Mail,2865
Departure,International,Freight,59817
Departure,Domestic,Freight,40216
Arrival,International,Mail,774
Departure,Domestic,Mail,5289
Arrival,Domestic,Freight,44227
Arrival,International,Freight,92355
Departure,International,Mail,361
Arrival,International,Freight,95079
Arrival,International,Mail,643
Arrival,Domestic,Mail,3216
Departure,Domestic,Mail,5670
Departure,Domestic,Mail,5713
Arrival,Domestic,Freight,31310
Arrival,Domestic,Mail,3302
Departure,International,Mail,332
Arrival,International,Mail,695
Departure,International,Mail,1182
Arrival,Domestic,Freight,39375
Arrival,Domestic,Mail,3424
Arrival,International,Mail,693
Departure,International,Mail,356
Departure,Domestic,Mail,5814
Departure,Domestic,Mail,2667
Departure,International,Mail,517
Arrival,International,Mail,720
Arrival,Domestic,Mail,3340
Departure,Domestic,Mail,5151
Departure,Domestic,Freight,31185
Departure,International,Mail,611
Arrival,Domestic,Mail,1350
Arrival,International,Mail,763
Arrival,International,Mail,783
Departure,International,Mail,450
Departure,International,Mail,544
Arrival,International,Freight,80071
Departure,International,Freight,50406
Arrival,Domestic,Mail,3374
Arrival,International,Mail,719
Departure,Domestic,Freight,32282
Arrival,Domestic,Freight,36637
Departure,Domestic,Freight,32624
Departure,International,Mail,431
Arrival,Domestic,Freight,32967
Departure,International,Mail,361
Arrival,International,Mail,640
Departure,Domestic,Freight,32827
Arrival,International,Freight,87673
Departure,Domestic,Mail,5309
Departure,Domestic,Mail,7834
Departure,International,Mail,614
Arrival,International,Freight,105462
Departure,International,Freight,56572
Arrival,International,Mail,891
Arrival,Domestic,Mail,4564
Departure,International,Freight,61305
Arrival,International,Freight,102227
Arrival,International,Freight,104723
Departure,International,Freight,54102
Arrival,International,Mail,688
Departure,International,Mail,604
Arrival,International,Mail,697
Departure,Domestic,Mail,3348
Arrival,Domestic,Mail,2521
Arrival,Domestic,Mail,1051
Departure,Domestic,Mail,5181
Departure,Domestic,Freight,36688
Departure,Domestic,Freight,41683
Arrival,Domestic,Freight,46863
Arrival,Domestic,Freight,43509
Arrival,Domestic,Mail,3008
Departure,Domestic,Freight,36290
Arrival,Domestic,Freight,45427
Arrival,Domestic,Freight,42506
Departure,Domestic,Freight,43107
Departure,Domestic,Mail,5428
Arrival,International,Mail,722
Departure,Domestic,Freight,38708
Departure,Domestic,Freight,38080
Departure,Domestic,Freight,38876
Arrival,Domestic,Freight,47536
Arrival,Domestic,Freight,43806
Departure,International,Mail,485
Arrival,Domestic,Freight,38821
Departure,International,Mail,609
Arrival,Domestic,Mail,3652
Departure,Domestic,Mail,5716
Departure,Domestic,Freight,35308
Departure,Domestic,Freight,35344
Departure,Domestic,Mail,5655
Arrival,Domestic,Freight,37996
Arrival,Domestic,Freight,39753
Arrival,Domestic,Mail,3944
Arrival,International,Mail,533
Departure,Domestic,Mail,2166
Departure,International,Mail,1241
Arrival,International,Mail,835
Arrival,International,Mail,824
Arrival,Domestic,Mail,2813
Departure,International,Freight,34488
Arrival,Domestic,Freight,32797
Departure,Domestic,Freight,35869
Departure,International,Mail,1821
Arrival,International,Mail,1177
Arrival,International,Mail,1394
Departure,International,Freight,51822
Arrival,Domestic,Mail,1356
Departure,Domestic,Mail,2710
Arrival,International,Mail,1192
Arrival,Domestic,Freight,26989
Arrival,International,Mail,782
Departure,International,Mail,1035
Arrival,International,Freight,58453
Departure,International,Freight,45423
Departure,Domestic,Mail,3836
Departure,International,Mail,1806
Departure,Domestic,Mail,2312
Arrival,International,Mail,537
Departure,International,Mail,1718
Departure,International,Mail,996
Arrival,International,Freight,59639
Arrival,International,Freight,66886
Departure,International,Freight,42407
Arrival,International,Mail,514
Arrival,Domestic,Freight,29052
Departure,Domestic,Freight,39177
Arrival,Domestic,Mail,1261
Departure,Domestic,Freight,41529
Departure,Domestic,Mail,2665
Arrival,International,Freight,53873
Departure,Domestic,Mail,3621
Arrival,International,Mail,722
Departure,International,Mail,1480
Departure,International,Freight,46565
Arrival,Domestic,Mail,1748
Arrival,International,Mail,2515
Departure,International,Freight,47075
Departure,International,Mail,2746
Departure,Domestic,Freight,38969
Departure,Domestic,Freight,35259
Arrival,International,Freight,55744
Departure,Domestic,Freight,38842
Departure,Domestic,Mail,2517
Departure,Domestic,Freight,33840
Arrival,International,Mail,673
Departure,Domestic,Freight,36303
Arrival,Domestic,Freight,27181
Arrival,Domestic,Freight,30781
Arrival,Domestic,Freight,29972
Departure,International,Freight,31821
Departure,Domestic,Freight,31904
Arrival,International,Mail,743
Arrival,Domestic,Freight,25403
Departure,Domestic,Mail,3309
Arrival,International,Mail,987
Arrival,Domestic,Mail,1762
Arrival,International,Mail,1506
Departure,International,Mail,1760
Departure,International,Mail,1106
Arrival,Domestic,Freight,30450
Departure,International,Freight,35626
Arrival,International,Freight,50368
Departure,Domestic,Freight,39927
Arrival,Domestic,Mail,1778
Arrival,Domestic,Mail,1456
Arrival,Domestic,Mail,1899
Arrival,Domestic,Mail,1583
Departure,International,Freight,33970
Arrival,Domestic,Freight,30861
Departure,International,Mail,991
Arrival,Domestic,Freight,31626
Departure,Domestic,Freight,30863
Arrival,International,Freight,59733
Departure,International,Freight,34810
Departure,Domestic,Freight,29400
Arrival,Domestic,Mail,1516
Departure,Domestic,Freight,34011
Departure,Domestic,Freight,34816
Departure,Domestic,Mail,5044
Arrival,International,Freight,41597
Arrival,International,Freight,44113
Departure,International,Mail,1034
Departure,International,Freight,41518
Arrival,International,Freight,61191
Arrival,International,Freight,50235
Departure,Domestic,Freight,33073
Arrival,Domestic,Mail,2536
Departure,International,Freight,35133
Departure,Domestic,Freight,30092
Arrival,International,Mail,2175
Arrival,Domestic,Freight,29301
Departure,Domestic,Freight,40440
Departure,Domestic,Mail,2404
Arrival,International,Mail,1082
Departure,Domestic,Mail,2661
Arrival,International,Mail,931
Departure,Domestic,Freight,38434
Departure,Domestic,Freight,34093
Arrival,International,Freight,82402
Departure,Domestic,Mail,4333
Departure,International,Freight,31383
Departure,International,Freight,34611
Arrival,Domestic,Mail,3984
Arrival,Domestic,Mail,3196
Arrival,Domestic,Mail,1904
Departure,Domestic,Mail,3194
Arrival,Domestic,Mail,1561
Departure,Domestic,Mail,2155
Arrival,Domestic,Freight,35703
Departure,International,Mail,1202
Arrival,International,Freight,53365
Departure,International,Freight,26804
Departure,International,Mail,718
Departure,International,Mail,1075
Arrival,International,Freight,76322
Arrival,Domestic,Mail,2158
Departure,International,Freight,53812
Arrival,International,Mail,1132
Arrival,International,Mail,787
Departure,International,Mail,521
Arrival,International,Freight,56125
Departure,Domestic,Mail,2679
Departure,Domestic,Freight,35486
Departure,Domestic,Freight,37083
Arrival,Domestic,Freight,32221
Arrival,Domestic,Mail,1695
Arrival,International,Freight,47371
Departure,International,Freight,31805
Arrival,Domestic,Freight,35065
Departure,International,Freight,47200
Arrival,International,Freight,82681
Arrival,International,Freight,51532
Arrival,International,Freight,72506
Arrival,Domestic,Mail,2885
Arrival,International,Freight,53766
Arrival,International,Freight,59740
Departure,International,Mail,1118
Departure,Domestic,Mail,3119
Arrival,Domestic,Mail,2841
Arrival,Domestic,Mail,4926
Arrival,International,Mail,1382
Departure,Domestic,Freight,37762
Arrival,International,Freight,50889
Departure,International,Freight,38843
Departure,Domestic,Mail,2578
Departure,International,Mail,1934
Arrival,International,Freight,39257
Departure,Domestic,Mail,2257
Departure,International,Freight,49989
Arrival,Domestic,Mail,2508
Departure,International,Freight,42323
Arrival,International,Mail,1341
Arrival,International,Mail,1134
Departure,Domestic,Freight,35204
Arrival,International,Freight,46465
Departure,Domestic,Mail,2311
Arrival,Domestic,Freight,25049
Arrival,Domestic,Mail,1565
Departure,Domestic,Freight,33695
Departure,Domestic,Mail,2526
Arrival,Domestic,Freight,37468
Arrival,Domestic,Mail,1889
Arrival,International,Mail,1698
Arrival,International,Freight,46391
Departure,Domestic,Freight,27105
Departure,Domestic,Freight,33246
Departure,Domestic,Mail,2391
Arrival,International,Mail,1451
Arrival,Domestic,Freight,31587
Departure,International,Mail,963
Arrival,Domestic,Mail,2551
Departure,International,Freight,41281
Arrival,Domestic,Mail,1658
Arrival,International,Mail,3343
Departure,Domestic,Mail,2248
Arrival,International,Freight,62210
Arrival,Domestic,Freight,36344
Departure,Domestic,Freight,33340
Departure,Domestic,Mail,3330
Departure,Domestic,Freight,33957
Departure,Domestic,Mail,4813
Departure,Domestic,Mail,1733
Departure,International,Freight,31358
Arrival,Domestic,Mail,1596
Arrival,International,Mail,1047
Departure,Domestic,Freight,37422
Departure,Domestic,Freight,31606
Departure,International,Mail,739
Departure,Domestic,Mail,7765
Departure,International,Freight,55110
Arrival,International,Freight,77091
Arrival,International,Mail,658
Arrival,International,Freight,75541
Departure,International,Mail,1082
Arrival,International,Freight,58165
Arrival,Domestic,Freight,29455
Arrival,Domestic,Mail,1806
Arrival,Domestic,Mail,1846
Arrival,Domestic,Freight,33369
Arrival,International,Freight,73355
Arrival,Domestic,Freight,34683
Arrival,Domestic,Freight,23020
Arrival,International,Mail,454
Departure,International,Freight,46385
Departure,Domestic,Freight,37963
Arrival,Domestic,Freight,28449
Arrival,Domestic,Freight,27644
Departure,International,Freight,44563
Arrival,Domestic,Mail,2551
Arrival,Domestic,Freight,31957
Departure,Domestic,Mail,2602
Arrival,International,Freight,69061
Departure,International,Mail,1349
Arrival,International,Mail,769
Departure,International,Freight,30665
Arrival,International,Mail,525
Departure,International,Freight,39897
Arrival,Domestic,Mail,3395
Arrival,Domestic,Freight,39164
Arrival,Domestic,Mail,1647
Arrival,Domestic,Freight,36417
Departure,International,Freight,49797
Arrival,International,Freight,39054
Arrival,International,Mail,680
Arrival,International,Mail,1904
Departure,Domestic,Freight,34559
Arrival,Domestic,Mail,1286
Arrival,International,Mail,796
Departure,International,Freight,49738
Arrival,International,Freight,53194
Arrival,Domestic,Mail,2217
Departure,Domestic,Mail,3193
Departure,International,Mail,1655
Arrival,Domestic,Mail,1870
Arrival,Domestic,Mail,2511
Arrival,Domestic,Freight,32704
Departure,International,Freight,50197
Arrival,International,Freight,42331
Departure,International,Mail,1186
Departure,Domestic,Mail,2168
Departure,Domestic,Mail,4484
Arrival,Domestic,Mail,3163
Arrival,Domestic,Mail,3514
Departure,International,Freight,56158
Arrival,International,Freight,48033
Arrival,International,Mail,674
Arrival,International,Mail,697
Arrival,Domestic,Mail,1981
Departure,International,Freight,42541
Departure,Domestic,Freight,35722
Arrival,International,Mail,1299
Departure,Domestic,Mail,1696
Departure,Domestic,Freight,33516
Arrival,Domestic,Mail,1932
Departure,International,Mail,600
Departure,International,Freight,55694
Arrival,Domestic,Freight,30634
Departure,International,Mail,2810
Arrival,Domestic,Mail,2616
Departure,Domestic,Mail,2579
Arrival,Domestic,Mail,2006
Arrival,International,Mail,1530
Departure,Domestic,Mail,2710
Arrival,Domestic,Freight,29580
Departure,Domestic,Freight,33632
Departure,International,Mail,1248
Arrival,International,Mail,756
Arrival,Domestic,Freight,38630
Departure,International,Freight,32434
Departure,Domestic,Mail,2573
Departure,International,Mail,1862
Departure,Domestic,Mail,2102
Departure,International,Freight,43492
Departure,Domestic,Mail,2545
Departure,Domestic,Mail,2184
Departure,Domestic,Freight,37887
Departure,Domestic,Freight,35055
Departure,Domestic,Freight,34907
Arrival,International,Freight,43452
Departure,International,Mail,1347
Arrival,International,Freight,78753
Arrival,Domestic,Mail,2726
Arrival,International,Freight,56207
Departure,Domestic,Freight,36121
Arrival,International,Freight,73469
Departure,Domestic,Mail,3962
Arrival,International,Mail,555
Departure,Domestic,Freight,29818
Departure,Domestic,Freight,40902
Arrival,Domestic,Freight,29398
Arrival,Domestic,Freight,20640
Departure,International,Mail,1917
Departure,Domestic,Freight,33822
Departure,International,Freight,50895
Arrival,Domestic,Mail,1793
Departure,International,Mail,1131
Departure,International,Mail,496
Departure,Domestic,Mail,5075
Departure,International,Mail,1597
Departure,Domestic,Freight,34248
Arrival,International,Mail,1429
Arrival,Domestic,Mail,1219
Arrival,International,Freight,61391
Arrival,International,Mail,664
Arrival,International,Mail,547
Arrival,International,Mail,1735
Departure,Domestic,Freight,37460
Arrival,Domestic,Mail,2953
Arrival,Domestic,Mail,2391
Departure,Domestic,Mail,5603
Arrival,International,Freight,55881
Departure,Domestic,Mail,2693
Arrival,Domestic,Freight,29722
Departure,International,Mail,1106
Departure,International,Freight,38239
Arrival,Domestic,Freight,35393
Arrival,International,Mail,774
Arrival,Domestic,Freight,28553
Departure,Domestic,Freight,39036
Departure,Domestic,Mail,2111
Departure,International,Mail,766
Departure,Domestic,Freight,36207
Arrival,Domestic,Freight,30218
Arrival,International,Mail,1539
Departure,Domestic,Freight,32810
Arrival,International,Mail,707
Arrival,International,Freight,34457
Arrival,International,Freight,53653
Arrival,International,Freight,74421
Departure,Domestic,Mail,4860
Departure,Domestic,Mail,2279
Arrival,International,Freight,50366
Arrival,International,Mail,781
Departure,International,Freight,33470
Departure,International,Freight,38981
Departure,International,Freight,52120
Arrival,International,Freight,50632
Arrival,International,Mail,514
Departure,Domestic,Mail,2808
Departure,Domestic,Mail,2245
Arrival,International,Mail,548
Arrival,Domestic,Mail,2659
Departure,Domestic,Mail,2207
Departure,International,Freight,45020
Departure,Domestic,Freight,30561
Departure,International,Mail,1457
Arrival,Domestic,Mail,2520
Arrival,International,Freight,48674
Departure,International,Freight,42190
Arrival,Domestic,Mail,1904
Arrival,Domestic,Mail,913
Arrival,International,Mail,951
Arrival,Domestic,Mail,1761
Departure,International,Freight,56675
Arrival,International,Freight,51792
Departure,International,Freight,47702
Arrival,Domestic,Mail,2528
Departure,International,Mail,341
Arrival,Domestic,Freight,29410
Arrival,International,Mail,510
Arrival,Domestic,Freight,32515
Arrival,Domestic,Mail,1761
Departure,Domestic,Mail,1796
Departure,Domestic,Mail,2111
Arrival,International,Mail,728
Departure,Domestic,Freight,34327
Departure,Domestic,Mail,2250
Arrival,Domestic,Freight,29192
Departure,International,Mail,1392
Arrival,Domestic,Freight,32683
Arrival,Domestic,Freight,31646
Departure,International,Mail,1831
Arrival,Domestic,Freight,28741
Departure,Domestic,Freight,30568
Arrival,International,Mail,1793
Arrival,International,Freight,51700
Departure,International,Freight,35170
Arrival,Domestic,Freight,28796
Departure,International,Mail,1065
Arrival,International,Freight,54097
Departure,Domestic,Freight,28389
Departure,International,Freight,38672
Arrival,Domestic,Freight,29978
Departure,Domestic,Mail,2301
Arrival,International,Mail,855
Departure,Domestic,Freight,44584
Departure,Domestic,Mail,2001
Arrival,Domestic,Freight,28969
Arrival,Domestic,Freight,28133
Departure,International,Mail,2559
Departure,International,Mail,1949
Arrival,International,Freight,45230
Departure,Domestic,Freight,38566
Departure,International,Freight,45852
Departure,Domestic,Freight,39285
Arrival,Domestic,Mail,1164
Departure,Domestic,Mail,2340
Arrival,International,Mail,934
Departure,International,Mail,1180
Departure,International,Freight,43459
Arrival,Domestic,Freight,39597
Arrival,International,Freight,72960
Departure,International,Mail,1246
Departure,International,Freight,50913
Departure,International,Mail,1181
Departure,International,Mail,332
Arrival,Domestic,Mail,2828
Departure,Domestic,Freight,36702
Departure,Domestic,Freight,32514
Departure,International,Mail,1017
Arrival,International,Freight,51958
Arrival,International,Mail,1413
Departure,International,Freight,32161
Departure,International,Mail,1442
Departure,International,Freight,53675
Departure,International,Mail,1053
Departure,International,Freight,31394
Arrival,Domestic,Mail,1753
Arrival,International,Freight,47855
Arrival,International,Freight,67296
Arrival,Domestic,Mail,3649
Departure,International,Freight,46819
Arrival,International,Mail,1064
Arrival,International,Freight,52102
Departure,Domestic,Mail,1649
Departure,Domestic,Freight,38021
Arrival,International,Freight,85694
Arrival,International,Mail,706
Arrival,Domestic,Freight,29341
Arrival,Domestic,Mail,2078
Departure,International,Freight,41927
Departure,International,Mail,1565
Departure,International,Mail,2135
Arrival,International,Freight,46996
Departure,International,Mail,1003
Arrival,Domestic,Mail,1435
Departure,International,Mail,454
Departure,International,Mail,1230
Arrival,International,Mail,1071
Arrival,International,Mail,1273
Arrival,International,Mail,1135
Departure,Domestic,Mail,5636
Arrival,International,Freight,54420
Arrival,International,Freight,48942
Departure,International,Freight,41804
Arrival,Domestic,Mail,1224
Departure,International,Freight,47631
Arrival,International,Freight,91841
Departure,Domestic,Freight,33348
Arrival,International,Mail,592
Arrival,International,Freight,45767
Departure,Domestic,Mail,5096
Departure,International,Freight,57973
Arrival,International,Mail,755
Departure,International,Freight,39704
Departure,International,Mail,1104
Arrival,International,Mail,513
Departure,Domestic,Mail,2480
Departure,International,Mail,1375
Departure,Domestic,Freight,34419
Arrival,International,Mail,1591
Departure,Domestic,Freight,33017
Departure,Domestic,Freight,29697
Arrival,Domestic,Mail,2014
Departure,Domestic,Freight,29634
Arrival,International,Freight,60522
Departure,Domestic,Mail,2711
Arrival,Domestic,Mail,1755
Departure,International,Mail,986
Departure,Domestic,Freight,35882
Departure,International,Mail,1314
Departure,International,Mail,1646
Departure,International,Freight,41014
Departure,International,Freight,47558
Arrival,Domestic,Mail,4324
Departure,International,Mail,2121
Departure,International,Mail,1149
Arrival,International,Freight,41191
Departure,Domestic,Mail,2059
Arrival,International,Mail,1366
Arrival,International,Freight,51909
Departure,International,Mail,969
Arrival,Domestic,Freight,29794
Departure,International,Mail,990
Departure,International,Mail,1918
Arrival,International,Freight,79545
Departure,International,Freight,37394
Arrival,International,Mail,687
Arrival,Domestic,Freight,31711
Departure,International,Freight,42391
Departure,International,Freight,45862
Departure,International,Mail,937
Arrival,International,Freight,56553
Departure,International,Mail,708
Departure,Domestic,Mail,2076
Departure,Domestic,Mail,2782
Arrival,International,Freight,48953
Arrival,Domestic,Mail,1736
Departure,International,Freight,36738
Departure,Domestic,Mail,3758
Arrival,Domestic,Freight,38586
Departure,International,Mail,2091
Departure,International,Freight,50056
Arrival,International,Freight,49766
Arrival,International,Freight,50874
Departure,Domestic,Freight,34579
Arrival,International,Freight,33879
Departure,International,Mail,954
Departure,Domestic,Freight,29879
Departure,Domestic,Mail,2154
Departure,Domestic,Freight,40136
Arrival,Domestic,Mail,2069
Arrival,International,Freight,49408
Arrival,International,Freight,60309
Departure,Domestic,Freight,38875
Arrival,Domestic,Mail,2500
Departure,Domestic,Freight,31244
Departure,Domestic,Freight,29735
Arrival,International,Freight,37030
Departure,International,Freight,41669
Departure,International,Freight,54239
Arrival,Domestic,Freight,27395
Departure,Domestic,Mail,6755
Departure,International,Freight,53783
Arrival,International,Mail,640
Departure,International,Mail,1991
Arrival,Domestic,Freight,29277
Departure,Domestic,Freight,31506
Arrival,International,Freight,56583
Arrival,Domestic,Mail,3361
Arrival,International,Freight,61520
Departure,Domestic,Mail,2390
Arrival,Domestic,Mail,2505
Departure,Domestic,Freight,35253
Departure,Domestic,Freight,30555
Departure,International,Mail,630
Arrival,Domestic,Mail,3911
Arrival,International,Freight,55684
Arrival,International,Mail,1633
Arrival,Domestic,Mail,1097
Departure,Domestic,Mail,1870
Departure,International,Mail,1772
Arrival,International,Freight,75062
Departure,Domestic,Mail,2523
Arrival,Domestic,Mail,1687
Arrival,International,Mail,688
Arrival,Domestic,Mail,1230
Departure,International,Mail,869
Departure,International,Freight,35880
Departure,International,Freight,31748
Arrival,International,Mail,686
Arrival,International,Freight,61347
Arrival,International,Freight,59813
Arrival,International,Mail,1319
Departure,Domestic,Mail,1798
Arrival,Domestic,Freight,31926
Arrival,International,Mail,564
Arrival,Domestic,Mail,2543
Arrival,Domestic,Mail,1196
Departure,Domestic,Mail,2165
Departure,International,Mail,2022
Arrival,Domestic,Freight,30400
Departure,Domestic,Mail,2542
Departure,Domestic,Mail,3284
Departure,International,Freight,44902
Departure,International,Mail,1122
Arrival,International,Mail,788
Arrival,International,Mail,1060
Arrival,International,Mail,561
Arrival,Domestic,Freight,39198
Departure,International,Mail,912
Arrival,Domestic,Freight,30519
Arrival,Domestic,Freight,33159
Arrival,Domestic,Freight,25939
Departure,International,Freight,37915
Arrival,International,Freight,64781
Arrival,Domestic,Mail,2765
Arrival,International,Mail,817
Arrival,Domestic,Freight,33063
Departure,Domestic,Mail,3230
Arrival,International,Mail,557
Arrival,Domestic,Mail,3917
Departure,International,Freight,33768
Arrival,International,Mail,1462
Arrival,Domestic,Mail,1103
Departure,Domestic,Mail,5634
Arrival,International,Mail,927
Arrival,International,Mail,524
Arrival,Domestic,Mail,1242
Departure,Domestic,Mail,2207
Departure,Domestic,Freight,29598
Arrival,International,Mail,1483
Arrival,International,Freight,53983
Arrival,Domestic,Freight,29851
Arrival,Domestic,Freight,30959
Arrival,International,Mail,1079
Arrival,Domestic,Freight,29237
Departure,Domestic,Mail,3886
Departure,International,Mail,900
Departure,Domestic,Freight,33622
Departure,International,Freight,35693
Departure,Domestic,Mail,2357
Arrival,International,Mail,1359
Arrival,International,Freight,61988
Departure,Domestic,Freight,29574
Arrival,International,Freight,43299
Departure,International,Freight,36329
Arrival,Domestic,Mail,3793
Arrival,Domestic,Freight,27313
Departure,International,Mail,983
Departure,Domestic,Mail,3133
Arrival,International,Mail,479
Departure,Domestic,Freight,32010
Departure,Domestic,Freight,34142
Arrival,International,Freight,50327
Arrival,Domestic,Mail,1816
Arrival,International,Freight,76266
Departure,International,Mail,1149
Arrival,Domestic,Mail,4485
Arrival,International,Mail,866
Arrival,Domestic,Mail,1906
Arrival,Domestic,Freight,28652
Arrival,Domestic,Mail,1389
Departure,Domestic,Mail,2928
Departure,International,Mail,1127
Arrival,International,Mail,1465
Departure,Domestic,Freight,35797
Departure,International,Mail,791
Arrival,International,Mail,1849
Arrival,International,Mail,592
Arrival,International,Freight,55234
Arrival,Domestic,Freight,29086
Arrival,Domestic,Freight,42067
Arrival,Domestic,Mail,3812
Departure,Domestic,Mail,1389
Departure,International,Freight,27802
Arrival,International,Freight,63828
Arrival,Domestic,Mail,3209
Departure,Domestic,Freight,36564
Departure,International,Freight,46930
Arrival,International,Freight,40720
Arrival,International,Freight,67748
Departure,Domestic,Freight,39971
Departure,International,Mail,1040
Departure,International,Freight,47441
Departure,Domestic,Mail,1431
Arrival,Domestic,Mail,4571
Arrival,Domestic,Mail,3351
Departure,Domestic,Mail,2388
Departure,Domestic,Mail,2943
Departure,International,Freight,33557
Departure,Domestic,Mail,2678
Arrival,International,Mail,2104
Departure,International,Freight,45850
Arrival,International,Mail,1580
Departure,Domestic,Mail,1814
Arrival,International,Freight,57072
Departure,Domestic,Mail,1711
Departure,International,Freight,45791
Arrival,Domestic,Freight,28414
Arrival,Domestic,Freight,34499
Arrival,International,Mail,1589
Arrival,International,Mail,492
Arrival,Domestic,Freight,31540
Arrival,Domestic,Freight,37729
Arrival,Domestic,Freight,27060
Departure,Domestic,Freight,28786
Departure,International,Mail,949
Arrival,International,Freight,83806
Departure,Domestic,Mail,3422
Arrival,International,Freight,46107
Arrival,International,Freight,49242
Arrival,Domestic,Mail,1645
Departure,Domestic,Mail,5076
Departure,International,Freight,37607
Departure,International,Mail,1706
Departure,Domestic,Freight,40147
Arrival,Domestic,Freight,34680
Arrival,International,Mail,548
Departure,Domestic,Mail,2623
Departure,International,Freight,50628
Arrival,International,Freight,67283
Departure,International,Freight,37311
Departure,International,Mail,1547
Departure,International,Freight,38660
Departure,Domestic,Freight,36529
Arrival,International,Freight,54594
Departure,International,Freight,37436
Departure,Domestic,Mail,2330
Departure,International,Mail,3384
Arrival,International,Freight,71979
Arrival,Domestic,Mail,1456
Departure,Domestic,Freight,33249
Arrival,Domestic,Mail,2613
Departure,Domestic,Mail,1425
Departure,Domestic,Mail,3285
Departure,Domestic,Mail,2537
Departure,International,Freight,31410
Arrival,International,Freight,59366
Departure,Domestic,Freight,35943
Arrival,International,Mail,665
Departure,International,Mail,1115
Departure,Domestic,Freight,34233
Arrival,International,Mail,671
Departure,International,Mail,899
Departure,International,Freight,39561
Arrival,International,Mail,1335
Departure,Domestic,Freight,31890
Departure,Domestic,Freight,34119
Departure,International,Mail,738
Arrival,Domestic,Mail,2042
Arrival,International,Freight,56285
Arrival,Domestic,Mail,4370
Arrival,International,Mail,682
Departure,Domestic,Mail,2929
Arrival,Domestic,Mail,1863
Departure,International,Mail,1472
Arrival,Domestic,Mail,1818
Arrival,Domestic,Freight,36853
Departure,Domestic,Mail,2671
Arrival,International,Freight,74550
Arrival,Domestic,Freight,29449
Arrival,International,Freight,56500
Arrival,Domestic,Freight,26900
Arrival,Domestic,Freight,28181
Arrival,Domestic,Freight,30399
Departure,International,Mail,1122
Departure,Domestic,Freight,34379
Arrival,International,Freight,60816
Departure,Domestic,Freight,31102
Arrival,Domestic,Freight,28802
Arrival,Domestic,Mail,2521
Departure,Domestic,Freight,31085
Arrival,Domestic,Mail,2505
Arrival,International,Freight,50478
Arrival,International,Mail,1610
Arrival,International,Mail,748
Arrival,Domestic,Freight,33455
Departure,International,Freight,41629
Arrival,Domestic,Mail,1497
Arrival,Domestic,Freight,28251
Departure,International,Freight,41794
Departure,International,Freight,30295
Departure,International,Mail,1013
Arrival,Domestic,Mail,1689
Arrival,Domestic,Mail,2793
Arrival,International,Freight,70758
Arrival,Domestic,Mail,2028
Departure,International,Freight,47325
Arrival,International,Freight,53687
Arrival,Domestic,Mail,4127
Departure,Domestic,Freight,38555
Departure,International,Mail,1146
Arrival,International,Freight,30958
Arrival,Domestic,Mail,1788
Arrival,International,Freight,56786
Arrival,International,Freight,51087
Departure,International,Freight,38709
Departure,Domestic,Mail,1970
Arrival,International,Freight,49967
Departure,International,Mail,976
Arrival,International,Mail,703
Arrival,Domestic,Mail,2177
Departure,International,Freight,35617
Arrival,Domestic,Freight,33008
Departure,Domestic,Freight,32888
Departure,International,Freight,38680
Departure,Domestic,Freight,29708
Arrival,International,Mail,1316
Departure,Domestic,Mail,6436
Departure,Domestic,Mail,2332
Departure,Domestic,Freight,33028
Arrival,International,Freight,67328
Departure,Domestic,Mail,1977
Departure,International,Freight,45412
Arrival,Domestic,Mail,2809
Departure,International,Mail,1186
Arrival,International,Mail,1267
Departure,International,Freight,42361
Arrival,Domestic,Mail,1543
Arrival,International,Mail,1680
Arrival,International,Freight,48596
Departure,Domestic,Freight,29338
Departure,International,Freight,33383
Departure,Domestic,Freight,33912
Arrival,Domestic,Freight,34061
Arrival,International,Mail,637
Arrival,International,Freight,79171
Arrival,International,Mail,944
Arrival,Domestic,Freight,29680
Arrival,International,Mail,747
Arrival,Domestic,Mail,1694
Departure,International,Mail,4497
Arrival,International,Mail,898
Arrival,Domestic,Freight,30450
Arrival,International,Freight,47221
Arrival,Domestic,Mail,2567
Arrival,Domestic,Mail,2914
Arrival,Domestic,Freight,30434
Departure,International,Mail,1239
Departure,Domestic,Mail,2165
Arrival,Domestic,Mail,3732
Arrival,International,Freight,41545
Departure,Domestic,Mail,2276
Arrival,International,Freight,65728
Arrival,International,Mail,1613
Departure,Domestic,Freight,36351
Arrival,Domestic,Mail,1531
Arrival,International,Mail,577
Arrival,Domestic,Freight,31180
Arrival,Domestic,Mail,1501
Arrival,International,Mail,749
Departure,Domestic,Mail,2589
Arrival,International,Mail,1936
Departure,International,Freight,23569
Departure,Domestic,Mail,2395
Arrival,Domestic,Mail,1990
Departure,International,Mail,739
Arrival,Domestic,Freight,24831
Arrival,Domestic,Mail,2581
Departure,International,Freight,55138
Arrival,Domestic,Freight,28176
Departure,International,Mail,1121
Departure,International,Mail,917
Arrival,International,Freight,48853
Arrival,International,Freight,56310
Arrival,Domestic,Mail,1170
Departure,Domestic,Mail,3174
Arrival,International,Freight,51781
Departure,Domestic,Mail,2571
Arrival,International,Freight,52108
Departure,International,Mail,1375
Departure,Domestic,Mail,2484
Arrival,International,Mail,1150
Arrival,Domestic,Freight,29022
Departure,Domestic,Mail,2713
Departure,International,Mail,1023
Departure,International,Mail,1194
Arrival,International,Freight,47398
Departure,Domestic,Freight,33705
Arrival,Domestic,Mail,1591
Departure,Domestic,Freight,34953
Departure,Domestic,Freight,38335
Arrival,Domestic,Freight,28371
Departure,International,Freight,47560
Arrival,Domestic,Mail,1511
Arrival,Domestic,Mail,2003
Departure,Domestic,Freight,33628
Departure,Domestic,Freight,34194
Departure,International,Mail,2348
Departure,International,Freight,42120
Arrival,Domestic,Freight,36383
Departure,Domestic,Freight,35564
Departure,Domestic,Mail,4787
Departure,International,Mail,1481
Departure,International,Mail,1013
Arrival,Domestic,Freight,37107
Departure,International,Freight,36414
Arrival,International,Mail,588
Arrival,International,Mail,756
Departure,Domestic,Freight,29797
Departure,International,Freight,59060
Departure,Domestic,Freight,31970
Departure,Domestic,Mail,2615
Arrival,Domestic,Freight,34995
Departure,International,Mail,2123
Departure,Domestic,Freight,36929
Departure,Domestic,Freight,31251
Departure,International,Mail,2117
Departure,International,Mail,798
Arrival,International,Freight,71779
Arrival,Domestic,Freight,33310
Arrival,International,Freight,71182
Departure,Domestic,Mail,3557
Departure,Domestic,Freight,42958
Departure,Domestic,Mail,1827
Arrival,Domestic,Freight,29856
Departure,International,Freight,43686
Arrival,Domestic,Freight,33388
Departure,International,Freight,49662
Departure,Domestic,Freight,35875
Arrival,Domestic,Freight,29778
Arrival,Domestic,Freight,29260
Departure,International,Freight,47801
Departure,International,Mail,1816
Arrival,International,Mail,1072
Departure,International,Freight,43892
Arrival,International,Mail,618
Departure,Domestic,Mail,4883
Departure,International,Freight,49835
Departure,Domestic,Mail,3019
Departure,Domestic,Freight,35265
Arrival,Domestic,Mail,1850
Arrival,International,Mail,962
Departure,Domestic,Freight,33847
Departure,Domestic,Freight,37457
Arrival,International,Mail,874
Departure,Domestic,Freight,31880
Departure,Domestic,Mail,2600
Departure,International,Mail,1206
Departure,International,Freight,36321
Departure,Domestic,Freight,31423
Arrival,Domestic,Mail,1708
Departure,Domestic,Freight,41366
Arrival,Domestic,Freight,27881
Arrival,International,Freight,46225
Arrival,Domestic,Freight,34253
Arrival,Domestic,Mail,1812
Departure,International,Freight,42798
Arrival,Domestic,Freight,26874
Departure,International,Mail,1136
Arrival,International,Mail,732
Departure,International,Mail,2734
Departure,Domestic,Mail,1618
Arrival,Domestic,Freight,29766
Departure,Domestic,Freight,32634
Arrival,Domestic,Freight,31204
Arrival,Domestic,Freight,25652
Departure,Domestic,Freight,31779
Arrival,International,Mail,1375
Arrival,Domestic,Freight,31923
Departure,Domestic,Freight,33877
Arrival,Domestic,Mail,4275
Departure,International,Freight,38888
Arrival,Domestic,Freight,30418
Departure,Domestic,Freight,33860
Departure,International,Mail,1987
Departure,International,Mail,988
Arrival,Domestic,Mail,1251
Departure,International,Freight,37008
Departure,International,Mail,938
Departure,Domestic,Freight,35043
Arrival,Domestic,Freight,42556
Departure,Domestic,Mail,2709
Departure,International,Freight,33399
Arrival,International,Mail,1152
Arrival,International,Freight,53341
Departure,Domestic,Mail,2178
Departure,International,Mail,809
Departure,International,Freight,35103
Departure,International,Freight,46417
Departure,Domestic,Freight,33328
Departure,Domestic,Freight,34409
Arrival,Domestic,Mail,3900
Arrival,International,Freight,32048
Arrival,Domestic,Freight,35644
Departure,Domestic,Mail,3646
Arrival,International,Freight,63055
Arrival,Domestic,Freight,32121
Departure,Domestic,Mail,4269
Departure,Domestic,Freight,39552
Departure,Domestic,Mail,1876
Departure,International,Freight,34863
Departure,Domestic,Mail,2472
Departure,International,Freight,38533
Departure,International,Freight,56092
Departure,Domestic,Mail,2185
Arrival,Domestic,Mail,3771
Arrival,Domestic,Freight,39536
Arrival,Domestic,Freight,32251
Departure,Domestic,Freight,32467
Arrival,Domestic,Mail,1363
Arrival,International,Mail,490
Arrival,Domestic,Freight,37008
Arrival,Domestic,Mail,2754
Departure,Domestic,Freight,38821
Departure,Domestic,Mail,5746
Arrival,International,Mail,496
Arrival,International,Mail,799
Arrival,Domestic,Freight,36143
Arrival,Domestic,Mail,2620
Departure,International,Freight,49325
Departure,International,Freight,39600
Arrival,International,Freight,69544
Departure,Domestic,Freight,31980
Departure,Domestic,Mail,2663
Arrival,International,Mail,988
Arrival,Domestic,Mail,1244
Departure,Domestic,Freight,29409
Arrival,Domestic,Mail,1230
Departure,Domestic,Freight,42456
Departure,Domestic,Freight,29891
Arrival,International,Freight,51887
Arrival,Domestic,Mail,4084
Departure,International,Mail,1419
Arrival,Domestic,Freight,30538
Departure,Domestic,Freight,36691
Arrival,Domestic,Freight,37802
Departure,International,Mail,909
Arrival,International,Mail,795
Departure,Domestic,Mail,1823
Arrival,Domestic,Freight,29622
Arrival,International,Mail,1174
Departure,International,Freight,40940
Departure,International,Freight,48615
Departure,International,Mail,2070
Departure,International,Freight,36008
Departure,Domestic,Freight,35625
Departure,Domestic,Mail,2843
Departure,International,Mail,1177
Departure,Domestic,Freight,38586
Departure,Domestic,Freight,34343
Departure,International,Freight,38213
Departure,Domestic,Freight,36191
Arrival,International,Freight,53395
Arrival,International,Freight,52023
Arrival,Domestic,Freight,28572
Departure,International,Mail,1050
Arrival,International,Mail,1278
Departure,International,Mail,989
Arrival,International,Mail,531
Departure,International,Freight,37197
Arrival,International,Mail,860
Departure,International,Mail,1027
Arrival,Domestic,Freight,30188
Departure,International,Freight,47782
Departure,Domestic,Mail,2551
Arrival,Domestic,Mail,1754
Departure,International,Freight,41388
Arrival,International,Mail,736
Arrival,Domestic,Freight,28545
Arrival,Domestic,Mail,2658
Departure,Domestic,Mail,4804
Departure,International,Mail,1138
Departure,Domestic,Mail,1414
Arrival,Domestic,Mail,999
Arrival,International,Mail,1565
Departure,International,Freight,32336
Departure,International,Freight,44314
Departure,Domestic,Freight,33369
Arrival,Domestic,Freight,35935
Arrival,Domestic,Mail,2633
Departure,International,Mail,1120
Arrival,International,Freight,56196
Departure,Domestic,Freight,35385
Arrival,Domestic,Mail,2428
Departure,Domestic,Mail,2347
Arrival,Domestic,Freight,41014
Departure,International,Mail,1227
Departure,Domestic,Mail,2066
Departure,Domestic,Freight,35675
Departure,Domestic,Freight,31324
Arrival,International,Mail,1406
Departure,Domestic,Mail,3275
Arrival,Domestic,Freight,36339
Arrival,Domestic,Freight,34246
Arrival,Domestic,Freight,31493
Arrival,International,Mail,1420
Departure,International,Freight,38929
Departure,International,Mail,1176
Departure,Domestic,Mail,1795
Arrival,International,Mail,783
Arrival,International,Freight,76229
Arrival,Domestic,Mail,1022
Arrival,Domestic,Freight,30599
Departure,International,Freight,47265
Departure,Domestic,Mail,6112
Departure,International,Freight,45304
Arrival,International,Freight,49109
Departure,International,Freight,30358
Departure,International,Freight,50682
Departure,International,Mail,1026
Departure,Domestic,Mail,5270
Departure,Domestic,Mail,3325
Arrival,International,Mail,522
Arrival,Domestic,Freight,38323
Departure,International,Mail,1643
Departure,International,Freight,44006
Departure,Domestic,Mail,2517
Arrival,Domestic,Mail,2769
Arrival,International,Mail,971
Departure,Domestic,Mail,2801
Arrival,International,Mail,925
Arrival,International,Mail,639
Departure,Domestic,Mail,2988
Arrival,International,Mail,726
Departure,International,Freight,37856
Departure,International,Freight,38415
Departure,International,Freight,32479
Arrival,Domestic,Mail,2781
Arrival,Domestic,Mail,1605
Arrival,Domestic,Freight,30028
Departure,Domestic,Mail,2098
Arrival,Domestic,Freight,37956
Arrival,International,Mail,759
Departure,International,Freight,34659
Departure,Domestic,Mail,5272
Departure,Domestic,Freight,28429
Departure,Domestic,Freight,34950
Departure,International,Mail,1104
Departure,International,Mail,2019
Departure,International,Freight,53985
Departure,Domestic,Freight,38990
Departure,Domestic,Mail,2011
Departure,Domestic,Mail,1453
Arrival,Domestic,Freight,37530
Arrival,Domestic,Mail,2205
Departure,International,Mail,1136
Arrival,International,Freight,42489
Departure,International,Mail,503
Departure,Domestic,Freight,34152
Arrival,International,Freight,55163
Arrival,International,Freight,57059
Arrival,International,Freight,59499
Arrival,Domestic,Freight,32987
Arrival,International,Mail,1781
Departure,International,Freight,45778
Arrival,International,Mail,588
Arrival,Domestic,Mail,1778
Departure,International,Mail,1455
Arrival,Domestic,Mail,4344
Departure,Domestic,Freight,36608
Arrival,Domestic,Freight,27007
Arrival,Domestic,Freight,28389
Arrival,Domestic,Freight,32239
Arrival,Domestic,Mail,1889
Departure,International,Freight,48159
Arrival,International,Mail,830
Departure,International,Freight,41147
Arrival,Domestic,Mail,1888
Departure,International,Mail,1495
Departure,Domestic,Freight,35742
Arrival,International,Freight,74620
Arrival,International,Mail,684
Arrival,Domestic,Mail,1859
Arrival,International,Freight,53174
Arrival,Domestic,Mail,988
Departure,International,Freight,49162
Departure,International,Mail,898
Departure,International,Mail,1625
Arrival,Domestic,Freight,35883
Arrival,Domestic,Mail,2309
Arrival,Domestic,Mail,1969
Departure,Domestic,Mail,2473
Departure,Domestic,Mail,2360
Arrival,International,Mail,738
Arrival,Domestic,Freight,30569
Arrival,International,Freight,64407
Arrival,Domestic,Freight,28074
Arrival,Domestic,Mail,2221
Departure,International,Mail,1890
Departure,International,Freight,41319
Departure,Domestic,Freight,40773
Arrival,Domestic,Freight,32924
Departure,Domestic,Mail,2837
Departure,Domestic,Freight,34652
Departure,International,Mail,1050
Departure,Domestic,Mail,2873
Arrival,Domestic,Freight,35384
Arrival,International,Freight,60764
Departure,International,Freight,29604
Arrival,Domestic,Freight,29927
Departure,International,Mail,759
Departure,International,Freight,41351
Departure,International,Freight,42244
Departure,International,Mail,1005
Arrival,Domestic,Freight,30753
Arrival,Domestic,Mail,1676
Departure,International,Mail,743
Arrival,Domestic,Mail,1825
Arrival,International,Mail,742
Arrival,International,Mail,552
Departure,International,Mail,1031
Arrival,International,Mail,953
Departure,Domestic,Freight,35759
Departure,Domestic,Freight,33680
Departure,International,Mail,955
Departure,Domestic,Freight,41384
Arrival,Domestic,Mail,2200
Departure,International,Mail,1491
Departure,Domestic,Freight,34526
Arrival,International,Mail,870
Arrival,Domestic,Mail,1059
Arrival,Domestic,Mail,2539
Departure,Domestic,Mail,2845
Arrival,Domestic,Mail,2525
Departure,Domestic,Freight,31514
Departure,International,Mail,1913
Departure,Domestic,Mail,3334
Arrival,International,Freight,52004
Arrival,Domestic,Mail,3736
Arrival,International,Mail,710
Arrival,Domestic,Freight,28665
Arrival,International,Freight,71925
Departure,Domestic,Freight,37997
Departure,International,Mail,1040
Arrival,International,Mail,1401
Departure,International,Mail,1452
Departure,International,Mail,1017
Departure,Domestic,Freight,40288
Departure,Domestic,Freight,35331
Arrival,International,Freight,71754
Departure,Domestic,Freight,31752
Departure,International,Mail,1073
Arrival,International,Freight,84189
Arrival,Domestic,Freight,27392
Arrival,International,Mail,587
Arrival,International,Freight,68576
Arrival,Domestic,Freight,28425
Arrival,International,Mail,497
Arrival,International,Freight,50778
Departure,Domestic,Freight,38061
Departure,International,Mail,2032
Departure,Domestic,Freight,35183
Departure,International,Freight,52669
Arrival,International,Freight,54352
Arrival,Domestic,Freight,27329
Arrival,Domestic,Mail,2467
Departure,International,Mail,1229
Arrival,International,Mail,3449
Departure,International,Mail,806
Arrival,International,Freight,62776
Arrival,International,Mail,757
Departure,Domestic,Mail,9192
Arrival,International,Freight,61625
Departure,Domestic,Freight,37560
Departure,Domestic,Mail,2823
Departure,International,Mail,1262
Arrival,Domestic,Freight,34088
Departure,Domestic,Freight,36510
Arrival,International,Freight,49068
Departure,International,Freight,48650
Departure,Domestic,Mail,2310
Arrival,Domestic,Freight,26887
Departure,Domestic,Freight,34021
Arrival,International,Mail,589
Departure,International,Mail,1061
Arrival,International,Mail,729
Arrival,Domestic,Mail,4028
Arrival,Domestic,Mail,1804
Arrival,International,Freight,58399
Arrival,International,Freight,54068
Departure,Domestic,Mail,1992
Arrival,Domestic,Freight,34903
Departure,Domestic,Mail,4685
Departure,International,Freight,52096
Departure,International,Mail,2039
Arrival,Domestic,Mail,1815
Arrival,Domestic,Freight,33482
Departure,International,Mail,1808
Arrival,International,Mail,1743
Departure,International,Mail,1880
Arrival,Domestic,Freight,27875
Departure,Domestic,Mail,8480
Departure,Domestic,Freight,31422
Departure,International,Freight,40745
Arrival,International,Mail,572
Arrival,Domestic,Mail,1290
Arrival,Domestic,Freight,32773
Departure,Domestic,Mail,1731
Arrival,Domestic,Mail,1255
Departure,International,Mail,1271
Arrival,International,Freight,51925
Departure,International,Freight,50491
Departure,International,Freight,26059
Arrival,International,Freight,50212
Departure,Domestic,Freight,40639
Arrival,Domestic,Mail,1863
Departure,International,Freight,36683
Departure,International,Freight,49972
Arrival,Domestic,Freight,32383
Arrival,Domestic,Freight,40772
Departure,Domestic,Mail,5528
Arrival,International,Mail,754
Arrival,International,Freight,77328
Departure,Domestic,Freight,32269
Arrival,Domestic,Freight,27245
Departure,International,Mail,1422
Arrival,Domestic,Freight,32445
Departure,International,Mail,1024
Departure,International,Freight,39543
Departure,International,Freight,43597
Departure,Domestic,Mail,5056
Departure,International,Freight,31271
Arrival,Domestic,Freight,35444
Departure,Domestic,Mail,2448
Departure,International,Mail,1085
Departure,International,Mail,1972
Departure,International,Mail,986
Departure,International,Mail,1657
Departure,International,Mail,1072
Departure,Domestic,Mail,2333
Departure,Domestic,Mail,2016
Arrival,Domestic,Freight,29904
Arrival,International,Mail,1097
Arrival,Domestic,Mail,2025
Arrival,International,Mail,619
Departure,Domestic,Mail,1560
Departure,International,Freight,30072
Departure,International,Freight,50682
Arrival,Domestic,Mail,912
Arrival,International,Mail,720
Arrival,Domestic,Mail,4091
Departure,Domestic,Mail,2787
Departure,Domestic,Mail,4433
Departure,International,Freight,39856
Arrival,International,Mail,557
Departure,Domestic,Freight,33621
Arrival,International,Freight,55334
Arrival,Domestic,Freight,30448
Arrival,International,Freight,63864
Departure,Domestic,Mail,3464
Departure,Domestic,Freight,34842
Arrival,Domestic,Freight,35577
Departure,International,Mail,924
Arrival,International,Freight,44787
Arrival,International,Freight,48279
Arrival,International,Mail,675
Departure,Domestic,Freight,33222
Arrival,Domestic,Mail,2876
Departure,Domestic,Freight,34766
Departure,Domestic,Freight,36538
Arrival,Domestic,Freight,26656
Departure,Domestic,Freight,32777
Arrival,Domestic,Freight,28075
Departure,International,Freight,52923
Arrival,Domestic,Freight,27291
Departure,Domestic,Mail,2794
Arrival,Domestic,Freight,30993
Departure,International,Mail,1719
Arrival,Domestic,Mail,1422
Arrival,Domestic,Freight,30876
Departure,International,Mail,935
Arrival,Domestic,Mail,2580
Arrival,International,Freight,78087
Arrival,Domestic,Freight,33434
Departure,Domestic,Mail,1914
Arrival,Domestic,Freight,34354
Departure,International,Freight,45407
Departure,Domestic,Mail,1838
Departure,International,Mail,2541
Arrival,International,Mail,1031
Departure,International,Mail,1896
Departure,International,Mail,1191
Arrival,Domestic,Freight,25724
Departure,International,Freight,28094
Arrival,Domestic,Freight,30960
Departure,International,Freight,45192
Arrival,International,Freight,65043
Arrival,International,Mail,674
Departure,Domestic,Freight,34404
Arrival,International,Mail,649
Arrival,Domestic,Mail,1391
Arrival,International,Freight,82566
Arrival,International,Freight,60147
Departure,Domestic,Mail,2413
Departure,International,Mail,971
Arrival,Domestic,Freight,25639
Departure,Domestic,Mail,2214
Departure,International,Mail,929
Arrival,International,Freight,62388
Arrival,Domestic,Mail,2089
Departure,International,Freight,37733
Arrival,Domestic,Mail,1721
Arrival,International,Mail,1399
Departure,Domestic,Freight,38881
Arrival,International,Freight,43503
Departure,Domestic,Freight,38348
Departure,Domestic,Mail,1928
Arrival,International,Freight,73069
Arrival,Domestic,Freight,34697
Arrival,International,Mail,747
Departure,International,Freight,45290
Departure,International,Freight,44711
Arrival,Domestic,Mail,2257
Departure,International,Mail,1149
Arrival,Domestic,Mail,2017
Departure,Domestic,Freight,41203
Arrival,International,Freight,70904
Departure,Domestic,Freight,34782
Departure,International,Freight,39297
Arrival,International,Mail,1543
Departure,International,Freight,38754
Departure,International,Freight,38315
Departure,International,Freight,36072
Departure,International,Mail,849
Departure,Domestic,Mail,4716
Arrival,Domestic,Freight,28991
Departure,International,Freight,29016
Departure,Domestic,Mail,3745
Arrival,Domestic,Mail,3691
Arrival,Domestic,Freight,26036
Departure,Domestic,Mail,3224
Arrival,International,Freight,50492
Arrival,Domestic,Freight,28691
Departure,Domestic,Mail,2128
Departure,International,Freight,45643
Departure,Domestic,Freight,30407
Arrival,Domestic,Mail,1653
Arrival,International,Mail,1049
Arrival,International,Freight,50852
Departure,International,Mail,3441
Departure,Domestic,Freight,42997
Arrival,International,Mail,632
Departure,International,Mail,1764
Departure,Domestic,Freight,29772
Arrival,International,Mail,1309
Departure,International,Mail,1159
Departure,International,Freight,33047
Arrival,International,Mail,948
Departure,Domestic,Mail,3144
Departure,Domestic,Freight,39225
Departure,Domestic,Mail,1739
Departure,International,Mail,1624
Departure,International,Freight,54284
Arrival,Domestic,Freight,27844
Arrival,International,Freight,46410
Departure,International,Freight,38001
Arrival,Domestic,Freight,29862
Departure,Domestic,Mail,2152
Arrival,International,Mail,1237
Arrival,Domestic,Freight,28286
Arrival,Domestic,Mail,1989
Arrival,Domestic,Mail,3590
Arrival,International,Mail,792
Arrival,Domestic,Mail,2513
Arrival,Domestic,Mail,5211
Departure,Domestic,Mail,2509
Arrival,International,Freight,41770
Arrival,Domestic,Mail,2211
Arrival,International,Mail,904
Arrival,International,Mail,792
Departure,International,Mail,1534
Departure,Domestic,Freight,31772
Arrival,Domestic,Freight,29729
Arrival,Domestic,Freight,29198
Departure,Domestic,Mail,3104
Arrival,Domestic,Freight,26395
Arrival,International,Freight,71677
Arrival,Domestic,Freight,29069
Arrival,International,Freight,73511
Arrival,International,Freight,52981
Departure,Domestic,Mail,2582
Departure,Domestic,Freight,38477
Arrival,International,Mail,1870
Arrival,International,Freight,62541
Departure,International,Mail,1992
Departure,Domestic,Mail,2279
Arrival,International,Freight,49513
Departure,Domestic,Freight,41338
Arrival,Domestic,Freight,30279
Departure,International,Freight,36336
Departure,International,Freight,41986
Arrival,Domestic,Mail,2130
Departure,Domestic,Mail,3501
Departure,Domestic,Mail,5243
Departure,Domestic,Freight,32666
Arrival,International,Mail,666
Arrival,Domestic,Freight,33937
Arrival,International,Freight,79668
Arrival,Domestic,Mail,3072
Departure,International,Mail,435
Departure,Domestic,Mail,3196
Departure,Domestic,Freight,34663
Arrival,Domestic,Mail,3064
Departure,International,Mail,422
Arrival,Domestic,Freight,34771
Arrival,International,Mail,794
Departure,Domestic,Freight,31846
Arrival,International,Mail,880
Departure,Domestic,Mail,5374
Departure,International,Mail,478
Departure,International,Mail,350
Departure,International,Freight,44890
Arrival,Domestic,Mail,3169
Arrival,Domestic,Freight,34779
Departure,Domestic,Mail,5093
Arrival,Domestic,Mail,1192
Arrival,International,Mail,729
Arrival,International,Mail,803
Arrival,Domestic,Freight,32202
Departure,International,Mail,452
Arrival,Domestic,Mail,1088
Arrival,Domestic,Mail,3004
Arrival,International,Freight,88471
Departure,Domestic,Mail,5555
Arrival,International,Freight,81197
Departure,Domestic,Freight,33448
Arrival,Domestic,Freight,36231
Departure,International,Freight,49283
Arrival,International,Freight,97917
Arrival,International,Mail,915
Arrival,Domestic,Mail,3961
Departure,International,Freight,53683
Arrival,International,Freight,88610
Departure,Domestic,Mail,8309
Departure,International,Freight,52245
Arrival,International,Freight,89902
Departure,International,Freight,58320
Arrival,International,Freight,92967
Departure,International,Freight,61571
Departure,International,Freight,59223
Arrival,International,Freight,90221
Arrival,Domestic,Freight,35371
Arrival,International,Freight,78145
Arrival,International,Freight,92037
Departure,International,Freight,60411
Departure,Domestic,Freight,36938
Departure,International,Freight,55990
Arrival,International,Freight,95170
Departure,International,Freight,58043
Arrival,International,Freight,85692
Departure,International,Mail,597
Arrival,International,Freight,103588
Arrival,International,Freight,96077
Departure,International,Freight,48512
Departure,International,Freight,59241
Departure,International,Freight,52875
Arrival,Domestic,Mail,2868
Departure,Domestic,Freight,29711
Departure,Domestic,Mail,5164
Departure,Domestic,Freight,35283
Arrival,Domestic,Freight,35709
Arrival,Domestic,Freight,28922
Departure,International,Freight,40673
Arrival,International,Mail,660
Departure,International,Mail,380
Arrival,International,Freight,70780
Arrival,Domestic,Freight,26777
Arrival,International,Freight,73346
Arrival,International,Mail,648
Departure,Domestic,Freight,29992
Departure,Domestic,Mail,4622
Departure,International,Freight,46484
Departure,International,Mail,330
Arrival,Domestic,Mail,2575
Departure,Domestic,Mail,4738
Departure,Domestic,Freight,34600
Arrival,International,Mail,848
Departure,International,Mail,346
Arrival,Domestic,Freight,35974
Arrival,Domestic,Mail,2738
Arrival,International,Mail,890
Departure,Domestic,Mail,3298
Departure,International,Mail,436
Departure,International,Mail,534
Departure,Domestic,Freight,30208
Departure,International,Freight,40666
Departure,International,Freight,52044
Departure,International,Freight,43149
Arrival,International,Mail,737
Arrival,International,Freight,82971
Arrival,Domestic,Mail,1886
Arrival,International,Freight,74215
Departure,International,Freight,44583
Arrival,Domestic,Mail,1850
Departure,Domestic,Mail,3504
Departure,International,Mail,476
Arrival,Domestic,Freight,31482
Arrival,International,Mail,796
Departure,Domestic,Mail,3406
Departure,Domestic,Freight,32106
Arrival,Domestic,Freight,32555
Departure,International,Freight,42450
Departure,Domestic,Freight,35157
Arrival,International,Freight,76742
Arrival,International,Freight,75193
Departure,International,Freight,47687
Arrival,Domestic,Mail,1566
Departure,Domestic,Mail,3428
Departure,International,Mail,427
Arrival,Domestic,Freight,33229
Arrival,International,Mail,815
